,tlast,hh,vv,ll,qlast,vlast,qq,vv,a,,,,
ETH-USDT,1643871600,4612.89,5559608.279,2158.04,305244409.9,113187.4919,18777917971,5559608.279,3377.561337,,,,
BTC-USDT,1643871600,57024.6,576961.2214,32918.7,295382453.8,7885.621777,25354193451,576961.2214,43944.36318,,,,
LUNA-USDT,1643871600,102.5848,260334728.3,30,172496825.5,3477685.548,18486690441,260334728.3,71.01123452,,,,
SOL-USDT,1643871600,242.159,19292914.67,80.81,82129039.58,786671.1466,2756248603,19292914.67,142.8632558,,,,
FTM-USDT,1643871600,3.30814,2592756932,0.8929,65537490.61,33132612.29,6003994303,2592756932,2.315679587,,,,
AVAX-USDT,1643871600,125.876,33525552.86,52.56,53159890.48,759455.657,3032064396,33525552.86,90.44039955,,,,
ATOM-USDT,1643871600,43.6516,94398290.25,20.182,40253016.82,1482799.637,3092128492,94398290.25,32.7561917,,,,
NEAR-USDT,1643871600,20.2985,152627218.2,5.6,33332236.29,2954315.169,2008991444,152627218.2,13.16273381,,,,
MATIC-USDT,1643871600,2.898,1954326728,1.292,29084341.5,18502832.5,4173344946,1954326728,2.135438709,,,,
XRP-USDT,1643871600,1.0111,4185449936,0.427,23943091.21,39220795.5,3309157420,4185449936,0.790633617,,,,
ADA-USDT,1643871600,1.734379,1854899448,0.885,22678969.25,21680795.99,2389113447,1854899448,1.288001595,,1643875126,3526,58.76666667
DOT-USDT,1643871600,36.4772,99241472.41,15.8175,22079910.19,1146564.696,2537156870,99241472.41,25.56548999,,,,
RNDR-USDT,1643871600,6.5355,160737590.3,1.8,21366756.08,5888416.513,655585464.2,160737590.3,4.07860702,,,,
ROSE-USDT,1643871600,0.59149,4405547616,0.17,21266483.31,63852479.64,1578226953,4405547616,0.358236272,,,,
PYR-USDT,1643871600,41.0925,46099154.84,6.6,19610934.05,1567455.815,787687041.6,46099154.84,17.08680006,,,,
SHIB-USDT,1643871600,4.42E-05,8.35311E+13,1.70E-05,17838600.68,8.53587E+11,2535065848,8.35311E+13,3.03E-05,,,,
BNB-USDT,1643871600,624.837,3443377.308,320,16006018.3,42968.2283,1678187355,3443377.308,487.3666765,,,,
LINK-USDT,1643871600,28.536,77287508.18,5.5,15962108.48,983928.8252,1664289500,77287508.18,21.53374509,,,,
SAND-USDT,1643871600,6.8465,402165655.5,2.56,15501149.77,4118870.711,2035920697,402165655.5,5.062393242,,,,
MANA-USDT,1643871600,4.41064,477499572.5,1.70444,15012735.03,5819970.54,1514330813,477499572.5,3.17137627,,,,
QNT-USDT,1643871600,220.498,2992397.033,83.539,14048852.57,119586.9287,461773074.2,2992397.033,154.3154432,,,,
VRA-USDT,1643871600,0.05507026,57583729222,0.0173269,13691230.14,707684095.3,1785501312,57583729222,0.031007046,,,,
KDA-USDT,1643871600,16.6637,214715187.5,4.3828,12559702.05,2201377.459,2127007284,214715187.5,9.906179943,,,,
ONE-USDT,1643871600,0.378757,6532769046,0.115,11608823.31,63681131.32,1654647481,6532769046,0.253284246,,,,
ICP-USDT,1643871600,41.12,19764693.28,18.12,10558053.73,490759.5576,554800898.8,19764693.28,28.07030147,,,,
USDC-USDT,1643871600,1.00073,1048086113,0.97432,10316503.68,10321357.28,1047679968,1048086113,0.999612489,,,,
UFO-USDT,1643871600,3.18E-05,5.93927E+12,6.50E-06,8948033.997,6.45419E+11,97919657.67,5.93927E+12,1.65E-05,,,,
CLH-USDT,1643871600,0.74,2029647313,0.01,8682337.11,72242535.51,528588003.7,2029647313,0.260433426,,,,
ALGO-USDT,1643871600,1.938,414904281,0.7938,8598045.954,8837564.977,581670901.9,414904281,1.401939986,,,,
DOGE-USDT,1643871600,0.21164,6463216802,0.11738,8172102.877,58031358.45,1108124112,6463216802,0.171450865,,,,
FLUX-USDT,1643871600,3.3018,500238475.1,1.01,7830588.336,5135212.056,1046336104,500238475.1,2.091674583,,,,
NFT-USDT,1643871600,3.92E-06,1.64154E+13,1.68E-06,7584135.853,3.81813E+12,41571773.24,1.64154E+13,2.53E-06,,,,
LTC-USDT,1643871600,206.532,5617914.01,83.7,7464466.015,67530.27284,794869903.2,5617914.01,141.4884425,,,,
KCS-USDT,1643871600,25.94,47421911.03,13.4,7453651.181,415951.0023,955495046.6,47421911.03,20.1488094,,,,
TLOS-USDT,1643871600,1.28981,86647540.77,0.42435,7121479.151,6304768.741,63841216.16,86647540.77,0.736792015,,,,
BTC3S-USDT,1643871600,2.9891,162476315.2,0.7742,6474099.534,3091126.298,252960450.6,162476315.2,1.556906619,,,,
BTT-USDT,1643871600,0.00411101,5.85154E+12,1.20E-06,6154928.469,2.93238E+12,205763534,5.85154E+12,3.52E-05,,,,
VET-USDT,1643871600,0.1189539,8623808071,0.0437807,6152411.942,115038305.6,661639407,8623808071,0.076722418,,,,
JASMY-USDT,1643871600,0.185,3944543814,0.04005,6085160.042,143085635.4,287970074.1,3944543814,0.073004659,,,,
LUNA3S-USDT,1643871600,0.1281,7113064956,0.009001,5776579.843,208796545.4,150795315.9,7113064956,0.021199766,,,,
CRO-USDT,1643871600,0.6999,2019805843,0.3251,5674212.283,13817529.96,1077307579,2019805843,0.53337185,,,,
MOVR-USDT,1643871600,319.8387,2602335.185,67.3203,5534171.64,71897.35273,410385425.5,2602335.185,157.6989113,,,,
TRX-USDT,1643871600,0.101591,7394487313,0.050866,5486208.441,91887686.41,547515579.5,7394487313,0.074043751,,,,
XLM-USDT,1643871600,0.360101,2310869302,0.134319,5383665.006,27443441.57,592022116.5,2310869302,0.256190221,,,,
HTR-USDT,1643871600,2.259,683377326.3,0.5711,5316218.24,8267662.784,879586478.7,683377326.3,1.28711686,,,,
VR-USDT,1643871600,0.6046,2014047632,0.285,5276494.544,14687006.98,902596178.6,2014047632,0.448150363,,,,
SOS-USDT,1643871600,9.90E-06,6.68411E+13,1.48E-06,5063917.756,1.45622E+12,298515639.1,6.68411E+13,4.47E-06,,,,
TEL-USDT,1643871600,0.01467222,33229550523,0.00522902,4862115.483,670243462.5,343924994.5,33229550523,0.010349974,,,,
STRONG-USDT,1643871600,721.315,568805.1888,375.48,4754445.411,9819.069797,293864004.1,568805.1888,516.6338316,,,,
XTZ-USDT,1643871600,5.91557,64345169.28,2.33071,4686044.594,1247462.427,290607426.2,64345169.28,4.516382962,,,,
GARI-USDT,1643871600,0.7858,144341108.8,0.2,4668686.381,7455571.862,76456646.55,144341108.8,0.529694189,,,,
BLOK-USDT,1643871600,0.12328,14973539421,0.02301,4561485.465,156220911.4,869548670,14973539421,0.058072353,,,,
QRDO-USDT,1643871600,8.4239,171178752.7,1.815,4330304.582,1884821.932,812563713.1,171178752.7,4.746872497,,,,
RMRK-USDT,1643871600,63.1247,15695399.32,11.07,4234542.684,262258.3401,517739547.3,15695399.32,32.98670756,,,,
FLOW-USDT,1643871600,12.184,17255654.69,4.305,4221943.078,678405.2074,115321685.5,17255654.69,6.68312432,,,,
EGLD-USDT,1643871600,360,1831308.881,111.88,4115792.744,27762.4553,421291411.4,1831308.881,230.0493466,,,,
SOL3L-USDT,1643871600,6.147,196796405.7,0.0958,4080969.835,22330532.27,88461529.7,196796405.7,0.449507853,,,,
CRV-USDT,1643871600,6.7,170821206.2,2.148,3917675.608,1224982.863,768852711.7,170821206.2,4.500920751,,,,
IMX-USDT,1643871600,6.934,43982657.31,2,3894351.564,1266342.529,177772466.3,43982657.31,4.041876438,,,,
KOK-USDT,1643871600,6.5508,88319839.15,3.8946,3773194.614,681464.2458,489896538.2,88319839.15,5.546845905,,,,
ETH3S-USDT,1643871600,0.034619,9703562557,0.006174,3769176.402,193388562.8,128952858.6,9703562557,0.013289228,,,,
COTI-USDT,1643871600,0.434452,642991179.4,0.214204,3737195.96,12877144.32,211652081.3,642991179.4,0.329167939,,,,
SNX-USDT,1643871600,7.638752,12784833.58,2.55,3626502.351,643796.1447,71141546.81,12784833.58,5.564526623,,,,
SOL3S-USDT,1643871600,7.6646,22518975.25,0.75,3562576.938,1125986.968,52403565.23,22518975.25,2.32708481,,,,
LRC-USDT,1643871600,2.7999,348108938.1,0.6454,3421283.777,3827760.163,620675343.5,348108938.1,1.782991689,,,,
WAX-USDT,1643871600,0.6877,444083307,0.2364,3376618.494,10311869.84,195273023.5,444083307,0.439721603,,,,
AGLD-USDT,1643871600,2.3861,6493608.316,0.7,3297339.121,2130912.518,9616698.071,6493608.316,1.480948281,,,,
GLMR-USDT,1643871600,22.8665,23372593.37,0.25,3174924.342,617235.218,249571646.3,23372593.37,10.67796125,,,,
DYDX-USDT,1643871600,13.646,43142778.54,5.08,3134351.941,516352.0186,336991216.9,43142778.54,7.811068927,,,,
THETA-USDT,1643871600,6.6453,74856095.71,2,3018897.917,1082284.785,301817211.4,74856095.71,4.031965714,,,,
LUNA3L-USDT,1643871600,19.9011,48027794.66,0.6373,2948204.011,3228474.622,203803801.7,48027794.66,4.24345534,,,,
WIN-USDT,1643871600,0.00073202,1.897E+11,0.00026359,2887385.978,9513101269,80333550.54,1.897E+11,0.000423477,,,,
FTM3S-USDT,1643871600,6.4878,502190153.6,0.0771,2878921.472,13661275.96,103296430.8,502190153.6,0.205691868,,,,
UOS-USDT,1643871600,1.8661,173240635.9,0.75,2869893,2645513.605,238740497.6,173240635.9,1.378086015,,,,
BTC3L-USDT,1643871600,0.715,509731996.9,0.0863,2809405.264,21751399.82,98878767.52,509731996.9,0.193981873,,,,
XMR-USDT,1643871600,251.44,895032.9304,134.65,2797124.076,19090.10436,173293033.4,895032.9304,193.6163771,,,,
XDB-USDT,1643871600,0.67386092,185960007.1,0.240675,2775321.818,7739522.148,70844113.17,185960007.1,0.380964242,,,,
WOO-USDT,1643871600,1.245,405400453,0.46839,2684722.897,4942088.391,335489596.8,405400453,0.827551115,,,,
EOS-USDT,1643871600,4.1267,141282735.8,1.1,2624065.608,1120661.947,429532706.6,141282735.8,3.040234917,,,,
FTM3L-USDT,1643871600,2.7435,253737660.4,0.2485,2600349.975,8070662.239,202884599.3,253737660.4,0.799584102,,,,
PEOPLE-USDT,1643871600,0.1829,836066661.2,0.0307,2585342.02,31575486.7,76662516.46,836066661.2,0.091694263,,,,
KSM-USDT,1643871600,370.151,554390.1658,154.3715,2552883.981,15294.55379,145405934.5,554390.1658,262.2808691,,,,
FIL-USDT,1643871600,54.2504,7748376.999,16.3623,2490978.866,121701.9152,246696263.2,7748376.999,31.83844349,,,,
OOKI-USDT,1643871600,0.03854,379109473.5,0.0093,2332365.566,115537852.6,7571320.711,379109473.5,0.019971331,,,,
ENJ-USDT,1643871600,3.4319,158987408.8,1.3165,2276524.111,1305285.275,385537364.8,158987408.8,2.424955333,,,,
ETH3L-USDT,1643871600,2.8602,155094202.9,0.1535,2251828.865,7956065.087,93825090.77,155094202.9,0.604955498,,,,
AVAX3L-USDT,1643871600,10.3407,48725750.16,0.3618,2248170.01,3221884.836,93623990.26,48725750.16,1.921447899,,,,
FTT-USDT,1643871600,49.779,2722202.874,31,2193645.695,49929.99124,112662683.1,2722202.874,41.38658589,,,,
ELON-USDT,1643871600,1.83E-06,2.71959E+14,5.02E-07,2139481.051,2.67227E+12,324339018.9,2.71959E+14,1.19E-06,,,,
AXS-USDT,1643871600,140.875,2003836.78,44.406,2087621.26,41377.28584,161508813.8,2003836.78,80.59978507,,,,
MTV-USDT,1643871600,0.017085,17579842756,0.0056909,2066543.442,285038629.9,166018683,17579842756,0.009443696,,,,
NEAR3S-USDT,1643871600,16.7962,13120645922,0.001463,2054056.818,452113067.2,70827274.26,13120645922,0.005398155,,,,
UNI-USDT,1643871600,22.7525,12502602.96,9.542,2006661.807,186931.9503,193574846.7,12502602.96,15.48276365,,,,
GALAX-USDT,1643871600,0.61479,1272960812,0.15414,1993363.706,10456907.71,533969413.2,1272960812,0.419470425,,,,
MIR-USDT,1643871600,2.853,84362576.55,1.1,1982221.059,1680460.722,174456370.1,84362576.55,2.067935537,,,,
JST-USDT,1643871600,0.0757525,123894417.1,0.03496495,1980097.59,46981942.5,5704817.595,123894417.1,0.0460458,,,,
HBAR-USDT,1643871600,0.34481,902273203.4,0.18,1964622.702,8756548.357,246895278.2,902273203.4,0.27363694,,,,
NEAR3L-USDT,1643871600,11.8,26684265.69,0.8318,1946582.49,1551216.746,77248986.78,26684265.69,2.894926459,,,,
1EARTH-USDT,1643871600,0.3047,1204896253,0.057,1938430.724,26518797.81,146558633.1,1204896253,0.121635894,,,,
CIX100-USDT,1643871600,0.2366,443608172.5,0.06405,1910381.976,18928511.52,64722382.13,443608172.5,0.145899887,,,,
JUP-USDT,1643871600,0.0196,4546019810,0.00686,1909545.995,110782508.2,49496988.67,4546019810,0.010887983,,,,
DAG-USDT,1643871600,0.264165,606581113.5,0.136436,1876529.504,10697840.31,108976166.4,606581113.5,0.179656379,,,,
RUNE-USDT,1643871600,10.6325,42283266.89,1.37,1836994.569,464042.0078,265076422.4,42283266.89,6.269062016,,,,
DODO-USDT,1643871600,1.4296,108273582.4,0.4201,1817383.12,3824226.342,87427447.5,108273582.4,0.807467949,,,,
SFUND-USDT,1643871600,15.4733,13288242.29,4.85,1783461.875,297815.6746,117078450.7,13288242.29,8.810680013,,,,
FORTH-USDT,1643871600,14.208,667889.1801,4.455,1766891.932,240320.4306,5511911.613,667889.1801,8.252733803,,,,
SOUL-USDT,1643871600,3.84,91436932.1,1.2373,1753936.451,1277755.859,226261377.9,91436932.1,2.47450754,,,,
ZEC-USDT,1643871600,237.054,1038770.923,81.475,1752322.599,17493.69644,148495931.8,1038770.923,142.9534929,,,,
CHR-USDT,1643871600,0.959619,254058715.3,0.274704,1746309.904,3242397.965,179279157.6,254058715.3,0.705660333,,,,
ANT-USDT,1643871600,13.8302,9089303.049,3.4774,1713082.436,212879.9059,71606281.71,9089303.049,7.878082767,,,,
SUKU-USDT,1643871600,1.23955,137941118,0.30036,1707945.482,3962416.817,76974914.43,137941118,0.558027335,,,,
FLAME-USDT,1643871600,2.3265,119700602.7,0.5063,1701981.045,3137263.545,137932967.5,119700602.7,1.152316399,,,,
ADA3S-USDT,1643871600,1.7747,146619639,0.34,1679981.524,1627139.692,138046105.2,146619639,0.941525338,,,,
CIRUS-USDT,1643871600,0.53675,405447448.8,0.1835,1654055.921,8168079.574,142805691.9,405447448.8,0.352217513,,,,
NAKA-USDT,1643871600,4.994,153230619.4,0.3632,1628933.237,4157193.926,234863830.8,153230619.4,1.532747383,,,,
XDC-USDT,1643871600,0.109,1302765553,0.0525,1608889.573,28360179.24,103919434.5,1302765553,0.079768332,,,,
SUSHI-USDT,1643871600,10.378,60825738.36,1.546,1482209.926,353267.9418,433183411.9,60825738.36,7.121712347,,,,
LYXE-USDT,1643871600,22.35,5673462.436,10.5,1456417.501,92991.30682,87059029.21,5673462.436,15.34495561,,,,
CHMB-USDT,1643871600,0.13524,1650379860,0.001,1428147.403,23629842.71,128608819.3,1650379860,0.077926799,,,,
CHZ-USDT,1643871600,0.42661,427373901.7,0.1238,1410538.161,7590558.45,118087232.6,427373901.7,0.276308947,,,,
MTS-USDT,1643871600,0.69981,53976255.58,0.05,1382357.447,3648321.76,24963417.94,53976255.58,0.462488879,,,,
GALAX3S-USDT,1643871600,83.9099,937692.4044,5.3129,1364822.75,30515.80944,23305477.99,937692.4044,24.85407568,,,,
HERO-USDT,1643871600,0.25061,2076103293,0.04501,1332729.131,26826178.09,304983679.9,2076103293,0.146901978,,,,
CWAR-USDT,1643871600,3.3987,174344677.2,0.3884,1314535.012,2793629.121,247815622.7,174344677.2,1.421412037,,,,
ADA3L-USDT,1643871600,0.2997,1754442399,0.019001,1308567.769,53734165.4,99854029.18,1754442399,0.056914966,,,,
QI-USDT,1643871600,0.25911,399839429.3,0.04298,1296270.153,20832420.25,52111586.47,399839429.3,0.130331285,,,,
API3-USDT,1643871600,6.712,26724350.83,2.35,1289368.817,369825.6635,120716972.6,26724350.83,4.517115246,,,,
GALAX3L-USDT,1643871600,7.3279,475990594.7,0.022,1286861.555,44005878.88,35405902.67,475990594.7,0.074383618,,,,
ANC-USDT,1643871600,4.281,33920897.19,1.1901,1282766.608,895824.3194,93783017.81,33920897.19,2.764756406,,,,
ALICE-USDT,1643871600,21.568,15597854.92,5.703,1277535.004,180539.5801,185503749.2,15597854.92,11.89290131,,,,
ATOM3S-USDT,1643871600,19.9588,35641035.97,0.6624,1239934.942,766527.7324,50047415.74,35641035.97,1.404207661,,,,
BCH-USDT,1643871600,566.79,420153.9222,186,1216422.905,4282.557568,165973818.3,420153.9222,395.0309864,,,,
CAKE-USDT,1643871600,13.378,15490624.36,6.814,1196028.72,162062.8907,168931857.8,15490624.36,10.90542601,,,,
YGG-USDT,1643871600,8.1578,16986779.26,2.172,1194679.504,356206.7117,82968341.7,16986779.26,4.884289155,,,,
WILD-USDT,1643871600,6.1231,36708918.98,1.3664,1170752.801,698519.0891,115775894,36708918.98,3.153890041,,,,
ETC-USDT,1643871600,47.4966,2996186.597,21.2183,1132485.879,42013.27171,96259331.48,2996186.597,32.12728192,,,,
SHILL-USDT,1643871600,1.0912,443392158.7,0.146,1120484.638,6821588.565,186621074.5,443392158.7,0.420893944,,,,
SUPER-USDT,1643871600,1.8044,169358548.6,0.5582,1118907.226,1704775.353,202502338,169358548.6,1.195701898,,,,
ILA-USDT,1643871600,0.4475,1099829028,0.064,1108948.349,13627342.84,201237988.4,1099829028,0.182972065,,,,
GODS-USDT,1643871600,8.497,40572739,1.52,1105648.882,493502.1674,182949601.1,40572739,4.50917551,,,,
AAVE-USDT,1643871600,292.329,1150547.694,113.208,1083639.698,6991.707636,247539211.6,1150547.694,215.1490224,,,,
SUN-USDT,1643871600,0.03181,215932391.5,0.01316,1080011.331,71826193.93,4060842.315,215932391.5,0.018806082,,,,
OOE-USDT,1643871600,0.4261,214024905,0.1113,1067338.669,7007918.271,45431798.68,214024905,0.212273421,,,,
NTVRK-USDT,1643871600,7.39,27154099.8,1.1124,1057183.041,546478.6614,83040392.8,27154099.8,3.058116212,,,,
AVAX3S-USDT,1643871600,6.557,21591738.82,0.8387,1050457.338,443518.3427,41857241.2,21591738.82,1.938576673,,,,
AOA-USDT,1643871600,0.0066018,12378345279,0.00128,1045290.121,726720473,38627820.21,12378345279,0.003120596,,,,
MANA3L-USDT,1643871600,15.7605,41552429.94,0.2098,1030671.224,1680431.786,59000071.47,41552429.94,1.419894614,,,,
XCAD-USDT,1643871600,9.0774,14873375.33,4.35,1028857.625,220974.7597,102409335.4,14873375.33,6.885413241,,,,
TRIAS-USDT,1643871600,15.10371,30116486.79,5.20001,1002430.315,183581.6873,272683081.3,30116486.79,9.054279244,,,,
NEO-USDT,1643871600,38.2173,2688161.14,16.12,1002266.088,47989.65795,67701918.95,2688161.14,25.185216,,,,
SAND3L-USDT,1643871600,73.8821,7230298.294,1.0555,1000957.365,335216.5604,48069275.92,7230298.294,6.648311586,,,,
CRPT-USDT,1643871600,0.316,650531316,0.09817,998033.1523,4361731.134,91918056.46,650531316,0.141296897,,,,
REAP-USDT,1643871600,0.435908,402199899.7,0.108767,996999.7577,6645474.012,77183217.45,402199899.7,0.191902627,,,,
SLP-USDT,1643871600,0.05587,7245182745,0.00917,983347.5185,102689627.7,191541812.4,7245182745,0.026437126,,,,
ATOM3L-USDT,1643871600,2.3469,92323846.54,0.2518,959975.1874,3250394.287,78254920.5,92323846.54,0.847613303,,,,
MANA3S-USDT,1643871600,5.3698,12951420.93,1.0139,912977.7576,454836.6235,27253849.07,12951420.93,2.104313435,,,,
MATIC3S-USDT,1643871600,1.6457,107144278,0.1822,908672.5661,1823273.659,52351020.13,107144278,0.488603042,,,,
FTG-USDT,1643871600,0.47367,346418940.9,0.2064,881349.6209,3001113.567,121855263.4,346418940.9,0.351756931,,,,
FALCONS-USDT,1643871600,0.7658,209912952.1,0.1,876349.0144,5432169.045,50613797.23,209912952.1,0.241118029,,,,
ROUTE-USDT,1643871600,14.1264,16380748.36,2.3832,870854.7187,242126.1858,119617589.9,16380748.36,7.302327541,,,,
CKB-USDT,1643871600,0.031214,3594359587,0.012501,863435.7225,57341334.29,73536222.59,3594359587,0.020458783,,,,
PHA-USDT,1643871600,0.6423,179271632.1,0.229,853129.258,3349905.174,74350519.62,179271632.1,0.414736669,,,,
SAND3S-USDT,1643871600,0.201211,578921531.6,0.021156,843300.5902,14601100.29,34624131.18,578921531.6,0.059807987,,,,
XPR-USDT,1643871600,0.02286,10149969076,0.00901,832457.1569,85933044.93,155195569,10149969076,0.01529025,,,,
DFI-USDT,1643871600,5.605,31927627.74,2.293,830260.3401,328975.9874,114870586.2,31927627.74,3.59784282,,,,
PLU-USDT,1643871600,22.397,3588531.749,4.774,827218.4436,60433.4181,36420539.64,3588531.749,10.14914795,,,,
MTL-USDT,1643871600,3.0955,18829825.22,1.1726,816307.7426,485233.7898,32330268.52,18829825.22,1.716971249,,,,
1INCH-USDT,1643871600,3.5,62212052.93,1.423,811272.2613,480209.7455,147902080.9,62212052.93,2.377386277,,,,
DASH-USDT,1643871600,178.96,740780.0226,78,803712.5523,8500.149016,94173075.82,740780.0226,127.1269108,,,,
CPOOL-USDT,1643871600,1.3606,80955120.81,0.3154,798047.1116,1737635.279,53287019.97,80955120.81,0.658229145,,,,
ZIL-USDT,1643871600,0.0886,1909042732,0.0376,796563.342,17606758.47,122510189.4,1909042732,0.064173623,,,,
MATIC3L-USDT,1643871600,15.1203,25787673.31,0.6208,791653.7001,763721.9882,101543811.4,25787673.31,3.937687987,,,,
ACA-USDT,1643871600,2.3642,21010150.89,0.875,784161.0536,580100.7044,42057207.91,21010150.89,2.001756586,,,,
PBX-USDT,1643871600,0.02969,9768369151,0.00949,733337.0531,39935030.52,170266126.5,9768369151,0.017430353,,,,
SRM-USDT,1643871600,5.618,11783059.23,1.925,710466.8872,305577.8496,35593297.98,11783059.23,3.020717904,,,,
XNL-USDT,1643871600,0.9262,170719033.5,0.1698,700772.2351,3343570.435,62115387.94,170719033.5,0.36384571,,,,
BCHSV-USDT,1643871600,185.454,691283.0498,12.91,698717.6082,7623.398707,84418235.88,691283.0498,122.1181915,,,,
GRT-USDT,1643871600,0.91828,237498222.2,0.23873,697694.0211,1680915.135,148270684,237498222.2,0.62430229,,,,
VLX-USDT,1643871600,0.5665,304461877.6,0.1903,694366.2756,2782788.145,101599067.3,304461877.6,0.333700456,,,,
YFI-USDT,1643871600,41302.58,6287.85232,8123.46,693868.5708,29.32169191,196788490.7,6287.85232,31296.61459,,,,
SHA-USDT,1643871600,0.00896,14714888279,0.0038,691758.4449,168283261.5,85257213.17,14714888279,0.005793942,,,,
RACEFI-USDT,1643871600,1.2964,102879885.8,0.125,689881.6922,5269651.443,34144379.07,102879885.8,0.331885857,,,,
ARKER-USDT,1643871600,0.189,934837175,0.01,689606.6333,20725736.23,57887961.58,934837175,0.061923042,,,,
AR-USDT,1643871600,68.422,1907755.638,20,686842.7746,18796.65047,92300685.48,1907755.638,48.38181768,,,,
XAVA-USDT,1643871600,20.3106,6714223.646,5.001,683552.8168,110366.1504,75368631.33,6714223.646,11.22521907,,,,
VIDT-USDT,1643871600,1.2412,45772456.77,0.4046,670723.5454,1270790.607,38091522.81,45772456.77,0.832193103,,,,
SXP-USDT,1643871600,2.3556,50523647.95,1.1157,668727.4726,490191.9158,86127538.78,50523647.95,1.704697548,,,,
KIN-USDT,1643871600,0.0001081,3.57108E+11,2.82E-05,665072.7207,12372965530,24649607.13,3.57108E+11,6.90E-05,,,,
USDJ-USDT,1643871600,0.938,1748829.063,0.75843841,655687.45,802134.2829,1455337.195,1748829.063,0.83217807,,,,
ASTR-USDT,1643871600,0.1719,80336466.84,0.0822,655635.2134,5298441.474,9423414.531,80336466.84,0.11729934,,,,
IOTX-USDT,1643871600,0.1601,1135077822,0.0627,647038.1585,8651246.706,132871853.7,1135077822,0.117059686,,,,
STX-USDT,1643871600,2.6635,76744901.65,1.1877,640570.3324,443931.4305,160531588.7,76744901.65,2.091755741,,,,
REP-USDT,1643871600,22.182,410063.4725,11.137,621603.956,37648.90687,6823268.12,410063.4725,16.63954138,,,,
DOT3L-USDT,1643871600,5.0037,52737381.92,0.1538,604166.6178,2307811.6,41424441.96,52737381.92,0.78548537,,,,
UNO-USDT,1643871600,0.5982,132212217.9,0.1515,598699.332,2744284.245,44963034.77,132212217.9,0.340082297,,,,
GAS-USDT,1643871600,7.8737,1022433.792,3.6768,597598.6942,119583.6187,5635341.383,1022433.792,5.511693203,,,,
MKR-USDT,1643871600,2985.19,18756.52926,1614.69,582211.9073,265.4490172,42455283.28,18756.52926,2263.493565,,,,
UBX-USDT,1643871600,0.000956,1.54064E+11,0.000204,581335.913,2350659725,67145759.67,1.54064E+11,0.00043583,,,,
AMPL-USDT,1643871600,1.33638,44241439.52,0.69,580955.7479,583867.377,41105894.82,44241439.52,0.929126522,,,,
ANKR-USDT,1643871600,0.1478,752019543,0.057,576851.3297,7460104.43,76558944.71,752019543,0.101804462,,,,
CVX-USDT,1643871600,28.8056,20173.87692,14,560642.2102,20173.87692,560642.2102,20173.87692,27.79050415,,,,
POLC-USDT,1643871600,1.821,148743835.1,0.2506,557131.509,1881062.525,111447284.7,148743835.1,0.749256496,,,,
HEART-USDT,1643871600,0.2676,552560024.1,0.015,556518.9783,3466986.826,93721518.2,552560024.1,0.16961328,,,,
FKX-USDT,1643871600,0.12265,491729480.5,0.04248,553311.2485,9741821.093,35204844.45,491729480.5,0.071593927,,,,
POL-USDT,1643871600,0.25422,270602842.8,0.07634,548517.6793,6628677.741,37358627.54,270602842.8,0.13805704,,,,
HBB-USDT,1643871600,2.4158,3734114.533,1,537007.5498,266269.5865,8160596.824,3734114.533,2.185416851,,,,
ZCX-USDT,1643871600,4.5006,25237836.79,1.0311,535429.7329,391686.0101,63620772.01,25237836.79,2.520848857,,,,
POND-USDT,1643871600,0.1045,707825981.7,0.0373,532735.856,12325896.85,42111447.71,707825981.7,0.059494069,,,,
FORESTPLUS-USDT,1643871600,0.030354,935542601.5,0.008976,529668.6902,45057953,15160060.63,935542601.5,0.016204565,,,,
COMB-USDT,1643871600,0.004266,5123900282,0.001298,528902.9511,290946926.8,12048417.22,5123900282,0.002351415,,,,
LINK3L-USDT,1643871600,5.2338,36120868.81,0.2487,513139.6768,1309081.153,42602013.29,36120868.81,1.179429363,,,,
DAO-USDT,1643871600,6.41052,15174409.15,2.14,511688.8478,225205.0676,64711780.42,15174409.15,4.264533781,,,,
WOM-USDT,1643871600,0.26024,90425818.64,0.088255,506688.5042,4470276.3,12383461.17,90425818.64,0.136946077,,,,
DAPPX-USDT,1643871600,0.04764,853648169.1,0.016,506283.1271,30291088.88,20882241.62,853648169.1,0.024462352,,,,
ACOIN-USDT,1643871600,0.675,62849086.83,0.31082,502607.0653,1127091.506,28356313.44,62849086.83,0.451180994,,,,
MNST-USDT,1643871600,0.17691,393155781,0.04189,498586.9304,10562932.89,32344052.89,393155781,0.082267779,,,,
BAT-USDT,1643871600,1.4442,76353966,0.651,497486.7412,604346.0221,86793002.17,76353966,1.136718978,,,,
ILV-USDT,1643871600,1661.539,43869.19081,496.482,494242.5519,826.7421935,42759400.5,43869.19081,974.7022845,,,,
RFUEL-USDT,1643871600,0.058217,215759276.7,0.028037,493578.0772,12794513.88,9000621.731,215759276.7,0.041716036,,,,
XYO-USDT,1643871600,0.0509,2320981586,0.01927,488237.3493,23721104.83,80498593.88,2320981586,0.034682995,,,,
NIF-USDT,1643871600,58.2549,3247232.418,11.5,482389.9114,35469.88554,114647684.7,3247232.418,35.30627623,,,,
RSR-USDT,1643871600,0.0521,3276540428,0.0164,481519.5038,26656391.18,100449553.5,3276540428,0.030657199,,,,
ELA-USDT,1643871600,7.4669,10634634.84,2.2613,478113.9153,105980.1511,46952217.74,10634634.84,4.415028674,,,,
DYP-USDT,1643871600,0.712,50299642.22,0.1933,473437.2428,1410494.761,20521035.94,50299642.22,0.407975783,,,,
VET3L-USDT,1643871600,0.115,4724839551,0.001525,467035.6163,185608016.2,44418605.34,4724839551,0.009401082,,,,
TLM-USDT,1643871600,0.391,546085557.9,0.0897,466903.9438,4273869.369,117360889.3,546085557.9,0.214913007,,,,
XRP3L-USDT,1643871600,0.718,215538678.3,0.0563,456502.8521,5761455.787,48587516.56,215538678.3,0.225423655,,,,
DMTR-USDT,1643871600,1.8206,10910572.44,0.446,455686.7526,927378.5312,6700823.863,10910572.44,0.614158781,,,,
LITH-USDT,1643871600,0.02998,612639097.4,0.00712,455476.0005,49587437.99,10025227.98,612639097.4,0.016364003,,,,
WAVES-USDT,1643871600,21.4077,3198190.062,7.5634,453231.5245,51506.80048,43367304.86,3198190.062,13.55995236,,,,
VET3S-USDT,1643871600,4.6602,27104873.67,0.5782,451162.1097,150054.2659,37885363.13,27104873.67,1.397732511,,,,
OPUL-USDT,1643871600,5.48521,20494383.23,0.72797,450038.2173,560276.1197,46838627.99,20494383.23,2.285437305,,,,
ERTHA-USDT,1643871600,0.3116,16763743.58,0.1753,448797.7298,2292535.457,4033280.573,16763743.58,0.240595459,,,,
LPOOL-USDT,1643871600,4.7059,6687194.228,1.3663,445337.5481,316404.344,16431900.54,6687194.228,2.457218975,,,,
SURV-USDT,1643871600,2.2822,27767719.18,0.01,438994.0278,3939825.737,11813218.72,27767719.18,0.425429926,,,,
KAI-USDT,1643871600,0.1115689,709871650.6,0.0366666,433619.8862,10176615.75,46873021.13,709871650.6,0.066030276,,,,
ROAR-USDT,1643871600,1.3215,23658335.81,0.25,433262.7697,1192533.374,18662877.57,23658335.81,0.788849973,,,,
NWC-USDT,1643871600,0.778196,54814939.42,0.197,433185.8599,1898862.453,22784103.69,54814939.42,0.415655001,,,,
ORN-USDT,1643871600,7.8364,7538293.552,3.0621,432571.4789,108672.9795,39878151.91,7538293.552,5.290076811,,,,
ACE-USDT,1643871600,0.11072,920334871.1,0.02692,426636.1185,13938881.27,52128360.11,920334871.1,0.056640644,,,,
ENS-USDT,1643871600,62.579,3773395.138,14.436,424951.1283,23063.94359,131925374.4,3773395.138,34.96198241,,,,
XTM-USDT,1643871600,1.88,128391496.5,0.20101,418775.108,1690360.357,97320151.71,128391496.5,0.757995306,,,,
CELO-USDT,1643871600,5.7993,20001447.42,2.8984,418000.179,136240.6054,85863415.97,20001447.42,4.29286012,,,,
BOSON-USDT,1643871600,2.7145,49604753.81,0.7174,413900.3473,496229.2035,74450710.33,49604753.81,1.500878537,,,,
LPT-USDT,1643871600,53.2098,1644959.706,20.4,400929.2221,14640.75293,64076637.31,1644959.706,38.95331726,,,,
SYLO-USDT,1643871600,0.00882,5759603495,0.00275,399063.0078,66719350.1,29127655.31,5759603495,0.005057233,,,,
RFOX-USDT,1643871600,0.23094,983221688,0.0505,393354.1287,6676006.996,113658978.8,983221688,0.115598527,,,,
MASK-USDT,1643871600,15.4807,6770146.863,4.5346,385873.368,64938.50365,73692653.41,6770146.863,10.88494163,,,,
SUSHI3L-USDT,1643871600,1.4334,147036301.2,0.0383,385395.6032,7638213.43,34898809.14,147036301.2,0.237348252,,,,
H3RO3S-USDT,1643871600,0.1452,889677601.2,0.01,384871.2014,8256468.967,65760506.67,889677601.2,0.073914985,,,,
EWT-USDT,1643871600,14.736,8622719.88,5.227,377561.2293,64276.98659,83739944.53,8622719.88,9.711546437,,,,
ADX-USDT,1643871600,0.886,10265897.23,0.3718,375015.1818,855042.8063,5278162.438,10265897.23,0.514145264,,,,
ADS-USDT,1643871600,0.47,40554260.16,0.1919,374755.446,1838091.85,13038125.92,40554260.16,0.321498306,,,,
VXV-USDT,1643871600,8.21,14277250.91,1.93,373025.3155,139902.2072,63112734.58,14277250.91,4.420510292,,,,
EQZ-USDT,1643871600,0.3936,103126353.1,0.102,372511.834,3088621.181,19853904.21,103126353.1,0.192520182,,,,
XHV-USDT,1643871600,9.376,9433592.471,1.604,366963.9285,206166.5798,35231380.51,9433592.471,3.734672726,,,,
DFYN-USDT,1643871600,0.4896,121980355,0.1185,366232.3653,2980197.721,30659496.87,121980355,0.251347825,,,,
TIME-USDT,1643871600,524.017,152204.3814,148,365177.7993,1353.449726,49282423.7,152204.3814,323.7910976,,,,
LSS-USDT,1643871600,1.23343,83276403.89,0.52665,365046.2042,615529.0276,69527934.61,83276403.89,0.834905584,,,,
EXRD-USDT,1643871600,0.4519,348665552,0.141,361607.9907,2152996.481,90475240.92,348665552,0.259490048,,,,
ALEPH-USDT,1643871600,0.867021,71541088.04,0.345001,356763.054,682843.7322,39365976.05,71541088.04,0.550256882,,,,
DOT3S-USDT,1643871600,6.57,5177602.632,1.3972,350280.1617,87366.21104,15248844.71,5177602.632,2.94515547,,,,
DERO-USDT,1643871600,18.48223,2143678.471,6.02576,349381.5399,46352.21536,20372781.98,2143678.471,9.503655633,,,,
MODEFI-USDT,1643871600,1.3971,17367490.47,0.5534,349168.9914,553263.6937,14301318.43,17367490.47,0.823453363,,,,
LTC3L-USDT,1643871600,1.6365,94984481.22,0.076,343754.1721,3054590.895,25894877.95,94984481.22,0.272622197,,,,
HNT-USDT,1643871600,44.743,508796.8348,19.883,342506.678,13360.75071,15459501.58,508796.8348,30.38442955,,,,
ISP-USDT,1643871600,0.006857,5819561633,0.0025,340547.742,95024861.82,27280125.41,5819561633,0.00468766,,,,
IOST-USDT,1643871600,0.0406,960448116.6,0.01333,340290.2383,13203604,28082818.44,960448116.6,0.029239287,,,,
LINK3S-USDT,1643871600,10.3458,8306510.398,0.9814,340167.1135,88799.42802,20106666.06,8306510.398,2.42059121,,,,
COMP-USDT,1643871600,273.82,383380.3891,75,338798.3824,2728.850881,75874808.02,383380.3891,197.9099875,,,,
WHALE-USDT,1643871600,15.86,1335913.987,7.01,336072.8768,45553.2282,13937130.94,1335913.987,10.4326559,,,,
OMG-USDT,1643871600,8.213,9446262.906,3.692,330334.8383,70082.80318,55736591.59,9446262.906,5.900385385,,,,
OPCT-USDT,1643871600,0.4784,94647290.14,0.14,330129.1758,1530974.074,27359594.74,94647290.14,0.289068971,,,,
TVK-USDT,1643871600,0.3781,179424483.3,0.0961,326227.681,2582093.559,36502588.57,179424483.3,0.203442629,,,,
IOTA-USDT,1643871600,1.448,11900665.07,0.7,320321.703,368295.6363,12728026.4,11900665.07,1.069522276,,,,
BEPRO-USDT,1643871600,0.01315063,9078711676,0.00231424,318747.1017,109426344.8,51711054.82,9078711676,0.005695858,,,,
CAS-USDT,1643871600,0.02084,590371060.5,0.013,316202.6227,23737687.43,9312778.075,590371060.5,0.015774449,,,,
MHC-USDT,1643871600,0.011027,842593933.3,0.004578,315511.1321,45802474.7,6111843.272,842593933.3,0.007253605,,,,
SUSHI3S-USDT,1643871600,95.359,2899383.961,2.7082,306645.2018,11763.54193,23144697.63,2899383.961,7.982625943,,,,
WRX-USDT,1643871600,1.5974,11645734.77,0.6822,301668.9113,316001.375,13114256.29,11645734.77,1.126099517,,,,
CERE-USDT,1643871600,0.15,1177184646,0.0299,299641.3621,8684499.732,86119654.04,1177184646,0.073157303,,,,
AXS3S-USDT,1643871600,7.6184,2442324.314,1.2403,299340.5966,69246.60578,7776618.599,2442324.314,3.18410563,,,,
SKU-USDT,1643871600,0.2197,51953208.38,0.0798,296905.5558,3107754.303,5505778.644,51953208.38,0.10597572,,,,
DIVI-USDT,1643871600,0.15216,267716914.8,0.0501,293271.5883,4231547.816,22834879.72,267716914.8,0.085294871,,,,
XPRT-USDT,1643871600,7.786,6115966.548,3,289415.9096,91039.2375,29206515.59,6115966.548,4.775453783,,,,
ABBC-USDT,1643871600,0.2427,185170349.9,0.1195,277840.7701,2256046.57,29602842.28,185170349.9,0.159868155,,,,
DPR-USDT,1643871600,0.1666,394371515.8,0.076,277676.8057,2687024.535,45431058.8,394371515.8,0.115198631,,,,
AAVE3L-USDT,1643871600,3.0642,21290829.44,0.1309,276914.8337,1392110.743,15750536.96,21290829.44,0.739780336,,,,
DGB-USDT,1643871600,0.050717,1094632398,0.017515,275570.6792,12797883.19,34296826.57,1094632398,0.031331821,,,,
NUM-USDT,1643871600,1.9101,94264623.17,0.36,274707.5937,583829.6511,92617582.47,94264623.17,0.982527478,,,,
CTSI-USDT,1643871600,1.1137,85980325.48,0.0009,272959.7061,634870.6855,60636569.16,85980325.48,0.705237725,,,,
ALBT-USDT,1643871600,0.76999,98076016.04,0.31014,272756.9165,750426.4264,51559950.94,98076016.04,0.525714166,,,,
IXS-USDT,1643871600,0.335,74966859.87,0.1022,271357.1986,877355.4126,15350730.55,74966859.87,0.204766887,,,,
MNET-USDT,1643871600,0.5869,827277819.7,0.0135,267840.5434,17510045.62,120304686.8,827277819.7,0.145422353,,,,
MONI-USDT,1643871600,1.8563,21725488.74,0.3778,267306.8328,649631.5639,20054044.27,21725488.74,0.923065276,,,,
ODDZ-USDT,1643871600,0.57879,41116374.66,0.13732,266723.8306,1504292.913,9115447.137,41116374.66,0.221698708,,,,
FXS-USDT,1643871600,41.954,1364712.408,13.378,263522.6665,12853.8026,38262301.52,1364712.408,28.03689723,,,,
KONO-USDT,1643871600,0.5339,26686082.74,0.1255,261002.947,1551831.399,7119805.778,26686082.74,0.26679846,,,,
LTC3S-USDT,1643871600,2.3483,21205571.25,0.5116,260076.9534,148316.1761,23105319.09,21205571.25,1.089587204,,,,
STORJ-USDT,1643871600,2.4404,15875644.31,0.928,259541.1444,223003.069,26400807.06,15875644.31,1.66297547,,,,
CUDOS-USDT,1643871600,0.05001,612705679.2,0.0238,258924.8971,9569135.815,21640240.64,612705679.2,0.035319145,,,,
REQ-USDT,1643871600,0.6474,280131619,0.2021,253250.8128,1124486.563,122007839.1,280131619,0.43553755,,,,
ORAI-USDT,1643871600,11.964,1436299.779,3.871,249336.1928,53102.28872,10015121.8,1436299.779,6.972863149,,,,
OGN-USDT,1643871600,1.055,50345382.57,0.2724,248711.596,770999.4145,28966517.81,50345382.57,0.575355998,,,,
BUX-USDT,1643871600,0.6049,23632547.75,0.3542,247667.873,538753.3706,10283816.23,23632547.75,0.435154785,,,,
CUSD-USDT,1643871600,1.0091,46207786.68,0.964,246537.4522,248108.1509,45950085.73,46207786.68,0.994422997,,,,
AAVE3S-USDT,1643871600,52.2503,920055.6286,4.7362,244168.361,15036.5481,9915055.099,920055.6286,10.77658219,,,,
DSLA-USDT,1643871600,0.00749,3193076611,0.00263,243734.1062,72629064.13,13783203.23,3193076611,0.00431659,,,,
MXC-USDT,1643871600,0.1216,317733000.5,0.03256,242506.9479,2895964.548,23376639.73,317733000.5,0.073573219,,,,
PAXG-USDT,1643871600,1864.43,6279.360559,1744.5,242235.69,133.8982268,11387823.42,6279.360559,1813.532336,,,,
SKEY-USDT,1643871600,0.1685,213172443.8,0.0471,237947.9055,3682032.172,22422930.81,213172443.8,0.105186817,,,,
MXW-USDT,1643868000,0.0179,1336089587,0.0061,235183.4053,36180735.63,13170351.89,1336089587,0.009857387,,,,
SCLP-USDT,1643871600,4.8871,37349381.8,0.8839,234734.9829,250831.84,95663613.55,37349381.8,2.561317187,,,,
HYDRA-USDT,1643871600,11.738,3234953.858,6.225,232925.7718,26252.35548,27406391.2,3234953.858,8.471957377,,,,
AUDIO-USDT,1643871600,2.325,20117527.74,0.7628,230939.5903,248654.3605,30292668.36,20117527.74,1.505784844,,,,
OCEAN-USDT,1643871600,1.0284,28329206.31,0.5074,230489.829,419400.903,21509845.89,28329206.31,0.759281628,,,,
ROSN-USDT,1643871600,0.4779,51098633.56,0.1373,228909.3668,1334336.623,13699161.67,51098633.56,0.268092524,,,,
AXS3L-USDT,1643871600,11.75,8248632.807,0.2674,228649.6105,566840.1994,8676640.187,8248632.807,1.051888281,,,,
KRL-USDT,1643864400,1.98323,17801362.44,0.77295,228300.8372,277010.3872,23286227.38,17801362.44,1.308114896,,,,
CWEB-USDT,1643871600,0.20998,544164373.4,0.013,224997.1865,5760098.358,59726431.8,544164373.4,0.109758071,,,,
YLD-USDT,1643871600,0.444,40225402.61,0.2305,224765.7212,897041.9503,11975085.76,40225402.61,0.297699587,,,,
CLV-USDT,1643871600,1.1365,62603636.36,0.3117,224739.2582,674948.5787,41772122.49,62603636.36,0.667247542,,,,
TARA-USDT,1643871600,0.01932,3043073348,0.00506,224595.3607,32003871.36,32208949.36,3043073348,0.010584349,,,,
SKL-USDT,1643871600,0.337,247961558.8,0.0926,224057.5277,2003477.211,39019925.5,247961558.8,0.157362801,,,,
DOGE3L-USDT,1643871600,1.4157,73488059.57,0.12,222639.5266,1188667.672,30346946.74,73488059.57,0.412950715,,,,
OXT-USDT,1643871600,0.5199,34872426.23,0.2041,221357.2116,932006.5422,11750021.9,34872426.23,0.336943057,,,,
FRONT-USDT,1643871600,1.0305,23771135.63,0.3696,218900.8916,436320.9796,15647605.29,23771135.63,0.658260738,,,,
GHX-USDT,1643871600,0.1085,614737743.1,0.0391,218362.6213,4053859.028,45427140.53,614737743.1,0.073896781,,,,
YOP-USDT,1643871600,0.4492,47367002.69,0.1513,217887.7508,940803.9074,12649823.23,47367002.69,0.26705982,,,,
PRE-USDT,1643871600,0.429,315229338.7,0.21,216963.8899,895053.0611,99507062.97,315229338.7,0.315665615,,,,
SENSO-USDT,1643871600,2.266123,33319434.09,0.810081,215682.2471,242586.0608,50505229.07,33319434.09,1.515788921,,,,
TXA-USDT,1643871600,3.6351,5939898.741,2.3781,215138.2883,88794.29103,16314386.73,5939898.741,2.746576574,,,,
KLV-USDT,1643871600,0.04067,1038788752,0.02117,211583.3511,9261914.517,32694964.65,1038788752,0.031474123,,,,
ERG-USDT,1643871600,7.256,6806981.374,2.82,209140.8425,60560.09633,32102224.09,6806981.374,4.716073444,,,,
HAKA-USDT,1643871600,0.3099,135725363.9,0.0768,206682.4103,2185058.165,22484503.05,135725363.9,0.165661763,,,,
AIOZ-USDT,1643871600,0.9365,86561516.2,0.162,204284.1209,1093821.957,37998776.84,86561516.2,0.438980028,,,,
MTRG-USDT,1643871600,9.12,3081655.77,2.62,201600.3225,68357.16694,15757536.95,3081655.77,5.11333456,,,,
POLS-USDT,1643871600,4.8421,13324125.94,1.3289,200768.0688,131314.6434,38769946.74,13324125.94,2.90975535,,,,
UNI3S-USDT,1643871600,31.7234,388094.2334,6.0086,200404.5115,8629.929648,5073023.913,388094.2334,13.0716292,,,,
GOVI-USDT,1643871600,1.6579,29297609.67,0.6926,200268.0109,225149.5643,32291957.82,29297609.67,1.102204521,,,,
GLCH-USDT,1643871600,1.7116,124658961.6,0.306,200102.9876,465863.8114,97014547.68,124658961.6,0.778239658,,,,
NOIA-USDT,1643871600,0.380598,111034945.9,0.116195,198177.2435,1535383.273,26112168.97,111034945.9,0.235170727,,,,
TCP-USDT,1643871600,0.1693,262623536.6,0.0339,196910.6416,4782152.775,20092186.12,262623536.6,0.076505657,,,,
DREAMS-USDT,1643871600,0.33957,906349570.9,0.02412,196644.2375,7755529.065,77474635.36,906349570.9,0.085479861,,,,
ETN-USDT,1643871600,0.0136326,1788709537,0.0063011,196149.5456,28572865.49,17367630.6,1788709537,0.009709587,,,,
CWS-USDT,1643871600,11.865,3723545.2,3.781,196002.7741,46969.63102,24754658.14,3723545.2,6.648142244,,,,
VAI-USDT,1643871600,0.4776,65381646.2,0.0751,193835.6937,2231905.242,12994452.8,65381646.2,0.198747715,,,,
NGM-USDT,1643871600,1.5287,8572685.321,0.6857,192896.8055,204302.8954,8442500.1,8572685.321,0.984813951,,,,
CEUR-USDT,1643871600,1.1521,11009236.94,1.0851,192637.642,170120.9465,12406404.59,11009236.94,1.126908672,,,,
INJ-USDT,1643871600,12.882,2374556.17,3.76,190460.4756,45925.18135,17821915.6,2374556.17,7.505367033,,,,
DAPPT-USDT,1643871600,0.00615,6041394476,0.001826,188321.4911,77944807.16,22380580.13,6041394476,0.003704539,,,,
REEF-USDT,1643871600,0.02471,1030073655,0.00864,187464.7566,18788164.65,16759334.88,1030073655,0.016270035,,,,
XCUR-USDT,1643871600,4.104,15005370.23,1.322,187149.2453,98461.86621,33885945.12,15005370.23,2.258254519,,,,
TOKO-USDT,1643871600,0.058198,1147763342,0.018002,186018.8765,9576258.78,38957249.55,1147763342,0.033941883,,,,
GTC-USDT,1643871600,18.4252,3456611.012,5.8742,181361.0716,23079.66094,42701005.07,3456611.012,12.35343084,,,,
CGG-USDT,1643871600,2.2656,43637500.19,0.46,180651.5735,347538.0639,42456992.65,43637500.19,0.972947407,,,,
PMON-USDT,1643871600,11.9305,1631326.427,3.8099,179238.3654,39333.1046,10289864.98,1631326.427,6.307667681,,,,
NANO-USDT,1643871600,5.181932,12657694.5,1.916,174242.4126,81847.87931,40445206.94,12657694.5,3.195305981,,,,
GSPI-USDT,1643871600,7.018,967401.4519,2.12,170303.2885,71279.8443,3303106.14,967401.4519,3.41441098,,,,
CQT-USDT,1643871600,1.014,66383734.09,0.3402,169013.0635,433245.6382,38171388.35,66383734.09,0.575011166,,,,
EOS3S-USDT,1643871600,6.0199,5635942.356,1.5389,168968.2083,41937.7648,15315401.86,5635942.356,2.717451829,,,,
XTAG-USDT,1643871600,3.1517,46794346.18,0.3244,164738.7962,448886.0273,66055130.1,46794346.18,1.411604937,,,,
VELO-USDT,1643871600,0.200218,468349341.6,0.038648,163788.2315,2864834.48,40385436.25,468349341.6,0.086229301,,,,
LTO-USDT,1643871600,0.4831,149285983.5,0.1621,159563.0385,811819.704,53080506.49,149285983.5,0.35556256,,,,
IDEA-USDT,1643871600,0.3487,87367769.45,0.098,157365.145,1534057.922,15302415.12,87367769.45,0.175149431,,,,
EQX-USDT,1643871600,0.4298,140669064.5,0.1346,155930.3072,936874.3517,40024726.88,140669064.5,0.284531123,,,,
MAP-USDT,1643868000,0.036752,294399546.2,0.018223,153745.1502,6957491.948,7304251.349,294399546.2,0.024810675,,,,
KAR-USDT,1643871600,5.7349,7600367.898,1.6231,153353.4255,80327.79174,25308134.41,7600367.898,3.329856495,,,,
AVA-USDT,1643871600,2.369629,14389139.95,0.974955,150499.3116,132702.8926,21269456.69,14389139.95,1.478160388,,,,
ONT-USDT,1643871600,1.08325,24949909.89,0.406,149145.2666,298492.3448,16291749.48,24949909.89,0.652978289,,,,
REN-USDT,1643871600,0.9045,45969477.84,0.2431,148993.4879,473373.4034,23715271.34,45969477.84,0.515891684,,,,
TONE-USDT,1643871600,0.04633,375073547.8,0.01401,147723.0211,6848720.54,10343270.27,375073547.8,0.027576646,,,,
HYVE-USDT,1643871600,0.388,29319782.76,0.1343,146910.3767,970633.3465,7790073.821,29319782.76,0.265693436,,,,
DOGE3S-USDT,1643871600,11.2365,5452382.69,1.6393,145732.1584,30637.3431,24709612.68,5452382.69,4.531892584,,,,
EPIK-USDT,1643871600,0.6401,144629889.3,0.1121,140013.1121,975797.6709,45037563.49,144629889.3,0.311398728,,,,
WNCG-USDT,1643871600,3.0015,14650738.61,0.776,137537.8343,125762.0074,27360626.27,14650738.61,1.867525385,,,,
DIA-USDT,1643871600,2.0016,13551491.59,0.7103,136801.4286,149451.3716,16166010.73,13551491.59,1.192932204,,,,
TOMO-USDT,1643871600,3.186,9106734.08,0.95091,136472.0709,122790.9346,17293950.73,9106734.08,1.899028848,,,,
SHR-USDT,1643871600,0.028758,1434752291,0.0085,134614.3515,12243058,23634061.79,1434752291,0.016472573,,,,
PEL-USDT,1643871600,0.8599,94428335.46,0.088,133669.6198,1134278.559,35898404.01,94428335.46,0.380165592,,,,
BAND-USDT,1643871600,8.4609,2243270.432,2.9831,133568.5413,39290.80292,11397168.58,2243270.432,5.080603936,,,,
PRQ-USDT,1643871600,0.7426,37950011.75,0.305,133132.729,361310.8861,17412325.43,37950011.75,0.458822663,,,,
ARPA-USDT,1643871600,0.146999,420045122.8,0.04922,130815.3826,2158045.018,41010955.06,420045122.8,0.097634642,,,,
IOI-USDT,1643871600,4.4498,11072989.55,0.672,130537.6096,144244.5372,22016666.5,11072989.55,1.9883218,,,,
LINA-USDT,1643871600,0.05268,443990371.4,0.01975,130412.4228,5389064.467,17708670.47,443990371.4,0.039885258,,,,
ARX-USDT,1643871600,0.03655,1677158278,0.01247,127797.6633,9585725.3,35068615.16,1677158278,0.020909544,,,,
UMB-USDT,1643871600,0.4299,89305730.2,0.1422,127208.2151,809901.4977,24371406.12,89305730.2,0.272898571,,,,
FRM-USDT,1643871600,0.3341,54007600.86,0.0818,125528.5465,1327129.311,8513910.869,54007600.86,0.157642827,,,,
EOS3L-USDT,1643871600,0.1925,503912594.3,0.007898,125070.0657,9408706.467,19665186.22,503912594.3,0.039024994,,,,
DORA-USDT,1643871600,18.6481,1108199.181,6.1881,123129.3388,18241.74118,12330901.77,1108199.181,11.12697246,,,,
HARD-USDT,1643871600,1.4305,9558881.031,0.4801,120863.8897,211430.9573,8052143.2,9558881.031,0.842372991,,,,
DINO-USDT,1643871600,0.1523,114996673.3,0.0397,120731.6911,2713709.564,9665456.489,114996673.3,0.084049879,,,,
XEM-USDT,1643871600,0.170091,117211304.5,0.05,118929.378,1155261.483,14459962.93,117211304.5,0.123366624,,,,
XEC-USDT,1643871600,0.00012388,58267568196,6.38E-05,118015.1463,1491786284,5812044.747,58267568196,9.97E-05,,,,
ERN-USDT,1643871600,12.641,1844515.094,4.068,117812.2485,23763.86513,15517645.71,1844515.094,8.412859163,,,,
SLIM-USDT,1643871600,3.822,8434813.57,1.023,117800.9993,97826.33196,18798385.33,8434813.57,2.228666369,,,,
MAN-USDT,1643871600,0.076057,395359948.7,0.0178,116715.269,5602928.233,14562949.89,395359948.7,0.036834662,,,,
CREDI-USDT,1643871600,0.14,489323514,0.014,116315.9399,5313152.08,29802619.03,489323514,0.060905757,,,,
XYM-USDT,1643871600,0.3532,131630283.6,0.1423,116024.7296,648880.3665,29329900.41,131630283.6,0.222820309,,,,
DEGO-USDT,1643871600,9.7304,3495189.317,3.0605,115933.3857,31404.5553,20737223.68,3495189.317,5.933075952,,,,
KEEP-USDT,1643871600,0.9174,42993336.25,0.3534,115771.3127,270829.4866,27921656.83,42993336.25,0.649441501,,,,
VID-USDT,1643871600,0.47963,34383583.23,0.2002,115467.5435,357654.3035,11400785.23,34383583.23,0.331576414,,,,
LTX-USDT,1643871600,1.1398,23750270.51,0.5987,115358.0562,178920.8292,18336072.79,23750270.51,0.772036377,,,,
MFT-USDT,1643871600,0.01335,581122254.5,0.00461,114865.5181,18038462.2,4837851.026,581122254.5,0.008325014,,,,
PLGR-USDT,1643871600,0.315,239975086,0.0303,112403.9359,3472105.456,19549568.03,239975086,0.08146499,,,,
MNW-USDT,1643871600,3.4,11228360.55,0.81,111240.4806,102470.0142,21385183.58,11228360.55,1.904568658,,,,
EPS-USDT,1643871600,0.478,32054201.57,0.142,110186.5531,666370.8926,8517050.447,32054201.57,0.265707771,,,,
KAVA-USDT,1643871600,5.75,4942860.225,2.8058,109428.3577,33813.72566,21192176.11,4942860.225,4.287431799,,,,
MATTER-USDT,1643871600,0.6319,13844233.62,0.4011,109391.0695,248565.7834,6732117.18,13844233.62,0.486275901,,,,
FLY-USDT,1643871600,0.0201,592569448.8,0.0067,109019.5632,14115264.81,7104144.78,592569448.8,0.011988713,,,,
LOCG-USDT,1643871600,0.275,116531158.2,0.05001,108858.8969,1796226.502,13983268.37,116531158.2,0.119995961,,,,
HAI-USDT,1643871600,0.18503,371211859.1,0.06738,108533.7255,1193383.873,46020669.6,371211859.1,0.123974136,,,,
BCH3S-USDT,1643871600,14.1622,721452.0402,2.3851,108261.0927,8633.440052,4077874.423,721452.0402,5.652315324,,,,
MITX-USDT,1643871600,0.0497,342398742.6,0.0127,107295.5747,7080128.52,9902480.482,342398742.6,0.028920902,,,,
XRP3S-USDT,1643871600,49.4064,545807.9045,11.5492,104022.8191,2606.45056,12899396.28,545807.9045,23.63358275,,,,
FCON-USDT,1643871600,0.0072,1664711528,0.001,103740.0242,26434999.45,8903330.243,1664711528,0.005348272,,,,
YFDAI-USDT,1643871600,575.44,32834.94672,181.05,101004.4145,466.742835,9646271.18,32834.94672,293.7806253,,,,
GMEE-USDT,1643871600,0.396,96400922.07,0.0887,100735.8862,651372.2961,19810691.7,96400922.07,0.205503135,,,,
AGIX-USDT,1643871600,0.27024,107925154.3,0.11407,100189.5656,755234.9748,20602679.06,107925154.3,0.190897842,,,,
CREAM-USDT,1643871600,229.1,429418.9643,21.67,99863.22385,3083.529925,23002456.51,429418.9643,53.56646637,,,,
PDEX-USDT,1643871600,15.294,1978707.351,7.0812,99426.80642,13573.12734,20185242.16,1978707.351,10.20122665,,,,
DEXE-USDT,1643871600,24.24,914555.0618,5.561,97899.86998,14510.97531,12664025.43,914555.0618,13.84719844,,,,
SDAO-USDT,1643871600,1.86,14834084.29,0.749,95089.6089,104918.8094,19023553.58,14834084.29,1.282421834,,,,
BAX-USDT,1643871600,0.0012398,1.06926E+11,0.00032,94971.62675,280318676.3,88573827.01,1.06926E+11,0.000828367,,,,
PBR-USDT,1643871600,1.9007,34435771.02,0.2508,94677.62924,227725.605,27502652.3,34435771.02,0.79866521,,,,
BNB3L-USDT,1643871600,13.5011,1287414.276,1.35,93460.59433,50441.56755,5155167.698,1287414.276,4.004280358,,,,
XCH-USDT,1643871600,128.4288,140981.7883,67.7716,92891.69642,1162.502478,13443574.69,140981.7883,95.35681779,,,,
BADGER-USDT,1643871600,21.947,729868.8007,8.283,91406.87356,8766.560253,10474942.49,729868.8007,14.35181566,,,,
NORD-USDT,1643871600,7.4136,11454667.49,1.48,91330.70326,53274.24552,48897932.78,11454667.49,4.268821666,,,,
R-USDT,1643871600,0.01549,1131375577,0.00489,89570.99286,16234306.66,11360780.71,1131375577,0.010041564,,,,
BNB3S-USDT,1643871600,10.8627,744355.428,3.1713,87925.71674,10587.83045,4156148.269,744355.428,5.583553385,,,,
USDN-USDT,1643871600,1.0361,14568518.78,0.92,87404.98747,89531.7667,14305520.84,14568518.78,0.981947516,,,,
TWT-USDT,1643871600,1.1062,12581356.49,0.45,86753.18644,156517.6091,9022333.914,12581356.49,0.717119329,,,,
WEST-USDT,1643871600,0.34793,12550541.91,0.15011,85226.87272,545290.9854,2635210.442,12550541.91,0.209967861,,,,
KOL-USDT,1643871600,0.5694,56921141.49,0.08,84546.39279,888392.5677,11839680.42,56921141.49,0.208001458,,,,
LIT-USDT,1643871600,5.2175,1810535.492,1.281,84218.55766,59489.4335,5193179.624,1810535.492,2.868311418,,,,
FEAR-USDT,1643871600,2.87,12824123.88,0.5253,81833.6496,143939.4786,17715168.39,12824123.88,1.381394048,,,,
HOTCROSS-USDT,1643871600,0.51172,112254405.5,0.24508,81807.93639,286026.5702,40402269.57,112254405.5,0.359917006,,,,
FRR-USDT,1643871600,0.229,122757184.7,0.0733,81195.18619,416175.9933,17456670.61,122757184.7,0.142204879,,,,
UBXT-USDT,1643871600,0.0314,260864210,0.014,80798.60536,5463769.819,6294621.661,260864210,0.024129878,,,,
KDON-USDT,1643871600,0.8359,40617475.32,0.1601,80566.46328,316469.722,17700918.31,40617475.32,0.435795632,,,,
KMA-USDT,1643871600,0.038,2258847297,0.005,80098.65322,13690120.53,39019246.43,2258847297,0.017273964,,,,
ENQ-USDT,1643871600,0.1136,282765592.5,0.035,80013.08858,2057264.039,17461834.95,282765592.5,0.061753747,,,,
PHNX-USDT,1643871600,0.0756,173972424.1,0.024,79748.02845,2687719.637,8489651.375,173972424.1,0.048798834,,,,
OUSD-USDT,1643871600,1.0065,67940546.73,0.9518,79307.66345,79915.9165,67782612.07,67940546.73,0.997675399,,,,
REVU-USDT,1643871600,0.2961,101462807.4,0.0808,79179.3099,711113.5047,19897041.85,101462807.4,0.196101826,,,,
NGL-USDT,1643871600,9.5,5272762.415,1.524,78964.41394,48194.72117,22616336.72,5272762.415,4.289276653,,,,
AI-USDT,1643871600,0.04827,1302219525,0.00961,77644.58389,7033416.41,28612797.66,1302219525,0.02197233,,,,
GMB-USDT,1643871600,0.00289,3723248493,0.001306,77359.11388,48213722.96,7130183.616,3723248493,0.001915044,,,,
BCH3L-USDT,1643871600,0.6722,58708067.67,0.0261,76103.58644,2226034.578,6546414.341,58708067.67,0.111507917,,,,
DPET-USDT,1643871600,2.0172,8986389.801,0.3413,75376.30954,160278.0254,8472439.54,8986389.801,0.942807927,,,,
UMA-USDT,1643871600,12.857,3143021.517,5.186,75185.76667,13422.52449,29550780.96,3143021.517,9.402029481,,,,
ZKT-USDT,1643871600,62.67,3696707.115,8.309,75085.16193,6426.249475,112815005.5,3696707.115,30.51770182,,,,
SWASH-USDT,1643871600,0.2857,129988389.3,0.04224,73450.34535,1668214.833,15320829.48,129988389.3,0.117863061,,,,
ZORT-USDT,1643871600,0.00981,2180497235,0.00302,72751.3648,16343170.02,15133212.36,2180497235,0.006940258,,,,
POWR-USDT,1643871600,0.7137,13068091,0.4584,72183.07376,132299.5285,7843540.343,13068091,0.600205519,,,,
SRK-USDT,1643871600,0.00457,15819575519,0.00094,71995.40783,51682076.8,37447906.66,15819575519,0.002367188,,,,
SWINGBY-USDT,1643871600,0.0701,240456312.4,0.0151,71373.57484,4444849.761,8013604.272,240456312.4,0.033326654,,,,
PUSH-USDT,1643871600,2.646,7511190.854,1.111,71221.91302,56527.63095,14029682.41,7511190.854,1.867837295,,,,
AXC-USDT,1643871600,9.2456,6115630.569,2.5681,71120.06921,8522.500361,31017931.32,6115630.569,5.071910569,,,,
RLC-USDT,1643871600,5.35,5778093.385,1.5222,70695.93396,37110.92187,18577671.35,5778093.385,3.215190569,,,,
BNS-USDT,1643871600,0.184849,34687271.1,0.04685,69586.50546,827171.6449,3566956.086,34687271.1,0.102831845,,,,
BOA-USDT,1643871600,0.35327,149534489.6,0.10469,69215.91884,535533.0518,33720097.18,149534489.6,0.225500467,,,,
C98-USDT,1643871600,3.22,6097334.323,1.3441,67244.20408,40805.02769,13689963.77,6097334.323,2.245237517,,,,
ZEN-USDT,1643871600,105.543,345039.7871,30.08,65871.46651,1700.870789,20940203.73,345039.7871,60.68924372,,,,
WXT-USDT,1643871600,0.00542,2029974018,0.003136,65441.56327,15676449.74,8417288.124,2029974018,0.0041465,,,,
MAHA-USDT,1643871600,10.2143,5818283.587,2.4976,65219.46965,19971.82526,32062445.92,5818283.587,5.510636504,,,,
AKRO-USDT,1643871600,0.0349373,602023795.5,0.0105891,65071.65971,4994153.737,12966668.08,602023795.5,0.021538464,,,,
LABS-USDT,1643871600,0.01014,1462038509,0.00299,64088.85932,16526296.01,8468317.474,1462038509,0.00579213,,,,
CTI-USDT,1643871600,0.07699,179661089.4,0.02501,61437.58643,2257771.199,9265599.36,179661089.4,0.051572655,,,,
CARD-USDT,1643871600,0.0132,1526473977,0.00348,61133.62472,16536267.22,12633503.02,1526473977,0.008276265,,,,
GLQ-USDT,1643871600,0.0618,566431909.7,0.01103,60808.60178,4307224.743,17674365.25,566431909.7,0.031202983,,,,
HT-USDT,1643871600,10.2537,1156700.218,6.9964,60805.8006,6559.101459,10965553.87,1156700.218,9.480030947,,,,
QUICK-USDT,1643871600,445,50162.29605,155.68,60681.21365,315.3425042,16366532.6,50162.29605,326.2716001,,,,
MAKI-USDT,1643871600,0.0957,180151237.9,0.0144,58371.9363,3033444.985,6051306.196,180151237.9,0.033590145,,,,
TRVL-USDT,1643871600,0.6985,19462727.51,0.1419,57876.76812,360307.5369,7199335.093,19462727.51,0.369903709,,,,
BOND-USDT,1643871600,26.29,308807.8091,9.28,57718.86313,5830.159873,5250691.447,308807.8091,17.0031045,,,,
KLAY-USDT,1643871600,1.5182,10103497.03,0.95,57159.99249,49546.19393,13447680.33,10103497.03,1.330992654,,,,
GLM-USDT,1643871600,0.6822,11099277.63,0.2742,56966.67917,162137.549,5100107.938,11099277.63,0.459499087,,,,
VEGA-USDT,1643871600,13.7927,895321.5895,5.8149,55183.87029,9283.277271,8712745.468,895321.5895,9.731414466,,,,
CFG-USDT,1643871600,1.4557,19341423.95,0.5751,54882.29836,91242.1413,16689834.87,19341423.95,0.862906212,,,,
ETHO-USDT,1643871600,0.093,115450329.4,0.0371,54516.54562,1236919.539,7688009.363,115450329.4,0.066591489,,,,
CARR-USDT,1643871600,0.0208,1170955293,0.0059,54148.65615,8406520.402,14526634,1170955293,0.012405797,,,,
UNB-USDT,1643871600,0.105,978987207.4,0.0056,53737.5729,6976743.958,32567669.53,978987207.4,0.033266696,,,,
POLX-USDT,1643871600,0.00107,24470448454,0.0003706,53000.61315,119796860.7,17827500.44,24470448454,0.000728532,,,,
UNFI-USDT,1643871600,11.993,1332397.188,4.322,52785.90345,10209.88618,9796556.593,1332397.188,7.352579758,,,,
UNI3L-USDT,1643871600,4.2643,12857441.97,0.0946,52523.51161,416452.1847,7391618.018,12857441.97,0.574890249,,,,
BURGER-USDT,1643871600,3.8496,1450431.111,1.4137,52495.95561,30211.96389,3552058.537,1450431.111,2.44896742,,,,
STND-USDT,1643871600,0.6866,20200045.76,0.1704,51492.94673,273203.1087,7803130.696,20200045.76,0.386292724,,,,
TRIBE-USDT,1643871600,1.2484,5760992.438,0.6608,51489.55602,75807.85126,5695587.555,5760992.438,0.988646942,,,,
SDN-USDT,1643871600,2.788,8363737.465,0.82,49468.07224,46560.38306,13366540.87,8363737.465,1.598154046,,,,
DVPN-USDT,1643871600,0.0224,1285347157,0.00763,49064.53361,6105825.331,15781213.65,1285347157,0.012277783,,,,
DATA-USDT,1643871600,0.1901,63648174.38,0.0628,48301.66243,634873.3557,7702458.086,63648174.38,0.121016167,,,,
FCL-USDT,1643871600,0.2756,37003550.84,0.0705,47319.72487,606137.0894,6157256.565,37003550.84,0.166396371,,,,
ARRR-USDT,1643871600,1.7024,9686203.305,0.6263,47303.59283,68848.49989,10796604.2,9686203.305,1.114637373,,,,
MLK-USDT,1643871600,2.05674,5468575.553,0.62792,47186.25012,56730.51537,6724825.915,5468575.553,1.22972168,,,,
TIDAL-USDT,1643871600,0.00634,3465344530,0.00119,46838.09302,32102874.88,9781482.536,3465344530,0.002822658,,,,
LACE-USDT,1643871600,0.999,31360224.12,0.114,45244.62184,319923.0954,10922128.03,31360224.12,0.348279655,,,,
MARSH-USDT,1643871600,1.0214,39101926.83,0.3432,45156.10994,107152.1582,23873611.14,39101926.83,0.610548203,,,,
NIM-USDT,1643871600,0.0068765,1595535891,0.0023689,45130.05736,14467213.92,6303080.545,1595535891,0.003950447,,,,
TRADE-USDT,1643871600,1.5803,8940566.145,0.3757,44616.90589,101878.2655,6892526.027,8940566.145,0.770927245,,,,
PCX-USDT,1643871600,3.018,2386408.143,1.193,44512.58054,27210.0022,4287215.877,2386408.143,1.7965141,,,,
RLY-USDT,1643871600,0.5181,26039284.25,0.1975,43755.17369,197139.6083,8710615.243,26039284.25,0.334518229,,,,
NKN-USDT,1643871600,0.5314,28241883.7,0.1683,42412.57507,198505.645,9694385.505,28241883.7,0.343262709,,,,
NFTB-USDT,1643871600,0.4286,74456760.3,0.1081,42410.24716,317301.3113,18676815.64,74456760.3,0.2508411,,,,
BMON-USDT,1643871600,0.2263,186087563,0.0463,41574.40349,779177.1632,22009761.48,186087563,0.11827637,,,,
TOWER-USDT,1643871600,0.10223,142176521.2,0.02461,41189.02983,1430800.67,8045070.058,142176521.2,0.056585082,,,,
ERSDL-USDT,1643871600,0.136,254764779.7,0.0156,40474.06144,1805729.866,12109975.38,254764779.7,0.047533946,,,,
POLK-USDT,1643871600,0.8506,28552239.14,0.2174,40017.97603,153164.6853,13008717.93,28552239.14,0.45561113,,,,
SOLR-USDT,1643871600,4.4049,10207881.64,0.6186,39646.34161,60856.49645,18691661.18,10207881.64,1.831100892,,,,
CTC-USDT,1643871600,2.059,1843531.647,0.994,39304.74497,31024.46826,3385623.428,1843531.647,1.836487827,,,,
KMD-USDT,1643871600,1.2069,7163579.254,0.4491,38735.73044,81217.35532,5795278.502,7163579.254,0.808992027,,,,
GAFI-USDT,1643871600,169.428,40754.04791,55.1,38199.78738,662.264085,4706968.485,40754.04791,115.4969562,,,,
SOLVE-USDT,1643871600,0.16739,200851834.1,0.0685,37925.22554,459270.435,25522170.53,200851834.1,0.127069641,,,,
PUNDIX-USDT,1643871600,1.397,5308153.042,0.641,37905.39799,48517.90371,5329636.795,5308153.042,1.004047312,,,,
GGG-USDT,1643871600,6.6447,1480824.9,1.4249,37651.68089,25336.79314,5509679.44,1480824.9,3.720682602,,,,
FORM-USDT,1643871600,0.087025,127905237.4,0.029304,37547.797,1245855.727,7209911.933,127905237.4,0.056369169,,,,
GENS-USDT,1643871600,0.133,116824402.1,0.02236,36275.47065,1201785.912,10092453.7,116824402.1,0.086389945,,,,
BOLT-USDT,1643871600,0.00887,1754557032,0.00401,36051.71765,8409695.531,11178237.06,1754557032,0.006370974,,,,
NMR-USDT,1643871600,44.163,126620.0528,18.922,35774.42011,1523.848619,3806317.823,126620.0528,30.06094011,,,,
BUY-USDT,1643871600,0.0373,497905279.7,0.0105,35471.413,2393214.232,11550913.38,497905279.7,0.023199018,,,,
BONDLY-USDT,1643871600,0.1799,82127643.42,0.05,34542.46556,605800.4989,7532316.862,82127643.42,0.091714757,,,,
LAYER-USDT,1643871600,0.5555,23461055.12,0.1317,34452.28246,192730.7284,7140840.289,23461055.12,0.304369955,,,,
VEED-USDT,1643871600,0.0085,2328647868,0.00213,33352.95683,9761312.55,11805575.35,2328647868,0.005069713,,,,
GRIN-USDT,1643871600,0.59584,8819429.232,0.180014,33218.64697,154257.5291,3118599.48,8819429.232,0.35360559,,,,
OM-USDT,1643871600,0.2822,79005911.46,0.077,32472.36548,343343.8063,12294476.55,79005911.46,0.155614641,,,,
AERGO-USDT,1643871600,0.4361,15827526.52,0.1446,32429.44688,167370.2867,3875646.596,15827526.52,0.244867484,,,,
PNT-USDT,1643871600,1.3136,13853986,0.5332,32241.66575,53726.9938,13229657.01,13853986,0.954935064,,,,
XED-USDT,1643871600,0.7484,22503248.43,0.2606,32059.94289,107744.0806,10697455.34,22503248.43,0.475373827,,,,
HAPI-USDT,1643871600,53.7361,252838.3845,23.7,31868.81578,1265.656614,8710374.095,252838.3845,34.45036287,,,,
EDG-USDT,1643871600,0.012466,916596866.3,0.003759,31591.26094,6678781.852,6910376.786,916596866.3,0.007539167,,,,
HEGIC-USDT,1643871600,0.1135,39215451.45,0.037,30897.15427,726331.7471,2869971.734,39215451.45,0.073184717,,,,
BNT-USDT,1643871600,4.1013,743743.4797,2.0801,30385.64293,12639.39108,2372978.645,743743.4797,3.190587493,,,,
LON-USDT,1643871600,1.881,16166875.35,0.975,29266.53112,29232.40047,22076452.85,16166875.35,1.365536158,,,,
REVV-USDT,1643871600,0.282702,53363902.85,0.077001,29062.46213,278338.8223,8754987.281,53363902.85,0.164061975,,,,
GEEQ-USDT,1643871600,1.864,19418139.2,0.4,28302.40297,51684.71395,21419615.51,19418139.2,1.103072509,,,,
SPI-USDT,1643871600,39.27,336495.0571,9.358,28011.25632,2632.110197,6961150.865,336495.0571,20.68723067,,,,
SHFT-USDT,1643871600,0.7109,10801720.47,0.3511,27819.41822,57145.91356,5788381.457,10801720.47,0.53587588,,,,
SOV-USDT,1643871600,15.053,716029.084,4.7,27727.74538,5629.487632,6239799.234,716029.084,8.714449418,,,,
SUTER-USDT,1643871600,0.0081447,2814890821,0.002869,27676.45008,9099314.195,16322208.71,2814890821,0.005798523,,,,
XSR-USDT,1643871600,0.000764,16638602089,0.000282,27182.74178,77695366.54,9124177.333,16638602089,0.000548374,,,,
BAKE-USDT,1643871600,1.806,6012069.174,0.5227,27063.21829,42614.42077,6702971.514,6012069.174,1.114919227,,,,
LOC-USDT,1643871600,3.60103,1295549.189,1.99172,26624.22109,10969.31551,3709714.584,1295549.189,2.863430132,,,,
2CRZ-USDT,1643871600,0.0369,397991652.5,0.0111,26618.70309,1867248.877,9044654.448,397991652.5,0.022725739,,,,
MLN-USDT,1643871600,125.478,166434.6994,50,26346.65879,477.6482597,15440003.76,166434.6994,92.76913898,,,,
NGC-USDT,1643871600,2.2819,34830148.97,0.35,26345.66291,51921.03945,35672046.14,34830148.97,1.024171507,,,,
AURY-USDT,1643871600,16.929,1461410.338,8.581,25640.90512,2828.816425,19229321.9,1461410.338,13.15805794,,,,
MSWAP-USDT,1643871600,0.00253,1619191392,0.00109,25613.9595,19760959.02,3105854.166,1619191392,0.001918151,,,,
STMX-USDT,1643871600,0.03578,559558455,0.0111,25167.89821,1686044.975,12671741.11,559558455,0.022645965,,,,
STC-USDT,1643871600,0.00832,2417950257,0.00384,24601.19367,5187492.867,13289603.74,2417950257,0.005496227,,,,
TRU-USDT,1643871600,0.5027,39197226.93,0.153,24586.91162,131029.9773,13263404.71,39197226.93,0.338376098,,,,
SFP-USDT,1643871600,2.5532,5160604.641,0.6412,23548.20884,28874.46619,7883285.365,5160604.641,1.527589481,,,,
EFX-USDT,1643871600,0.0311,332300594.2,0.01332,23515.90001,1634504.41,6841253.826,332300594.2,0.020587546,,,,
TKO-USDT,1643871600,1.8391,3618183.629,0.6375,20776.36379,28376.37861,4238251.506,3618183.629,1.171375458,,,,
BURP-USDT,1643871600,0.089,78704675.45,0.019,18650.03033,717227.2043,4215524.728,78704675.45,0.0535613,,,,
PERP-USDT,1643871600,13.358,688860.0794,3,18589.06478,3071.601292,5907828.724,688860.0794,8.576239067,,,,
APL-USDT,1643871600,0.00375,2375165296,0.0018,18326.21862,9673693.483,6695274.274,2375165296,0.002818867,,,,
DPI-USDT,1643871600,335.48,6025.976252,130.84,18187.76665,96.27478322,1440363.022,6025.976252,239.0256718,,,,
BASIC-USDT,1643871600,0.00923,2584392501,0.00353,17918.73944,3816817.796,18208850.05,2584392501,0.007045698,,,,
HORD-USDT,1643871600,0.23189,57368150.65,0.04779,17476.50272,283777.2105,6821561.763,57368150.65,0.118908518,,,,
PROM-USDT,1643871600,18.874,354634.0853,8.1,17192.35512,1827.647535,4751944.752,354634.0853,13.39957141,,,,
ORBS-USDT,1643871600,0.114,23510168.18,0.0518,16774.23907,254539.2095,1868417.695,23510168.18,0.079472749,,,,
LOKI-USDT,1643871600,0.76119,5050353.883,0.44108,16529.59016,34564.94599,2928108.918,5050353.883,0.579782919,,,,
GOM2-USDT,1643871600,0.06552,433537227.5,0.01399,16225.96559,456269.8061,13547001.38,433537227.5,0.031247608,,,,
EOSC-USDT,1643871600,0.021572,374614490.1,0.00702,15923.30809,1910170.152,5640424.909,374614490.1,0.015056612,,,,
COV-USDT,1643871600,0.79,4798486.809,0.3815,15635.2395,38324.19232,2894680.024,4798486.809,0.603248511,,,,
PIVX-USDT,1643871600,0.8349,6231607.656,0.2798,15495.22987,50858.02052,3040808.302,6231607.656,0.4879653,,,,
LOVE-USDT,1643871600,0.0142,1292622068,0.0005,15464.82028,3437049.241,11487137.58,1292622068,0.008886695,,,,
KAT-USDT,1643871600,0.004691,1452230092,0.001569,13584.64004,7256729.237,4362205.019,1452230092,0.003003797,,,,
GHST-USDT,1643871600,2.8246,3672826.937,1.8,13501.13746,6716.465918,8644076.021,3672826.937,2.353521189,,,,
CBC-USDT,1643871600,0.126581,341956148.2,0.033923,13070.536,305451.7736,25781927.07,341956148.2,0.075395419,,,,
ALPACA-USDT,1643871600,0.7815,9456758.62,0.2517,12931.11261,35808.87589,5026425.766,9456758.62,0.531516767,,,,
ALPHA-USDT,1643871600,1.08,12427414.91,0.346,12866.40869,33953.91629,8605725.758,12427414.91,0.692479154,,,,
ORC-USDT,1643871600,0.5966,8541643.011,0.2717,12809.36892,42837.54974,4345616.688,8541643.011,0.508756533,,,,
ATA-USDT,1643871600,1.0908,10163445.81,0.337,12740.49803,32672.02193,6613138.008,10163445.81,0.65067873,,,,
TKY-USDT,1643871600,0.001077,7866488721,0.000295,12691.10226,37663859.38,5159995.113,7866488721,0.000655946,,,,
LYM-USDT,1643871600,0.017254,939238076.5,0.002386,11704.0243,3247450.692,5823194.708,939238076.5,0.006199913,,,,
VSYS-USDT,1643871600,0.02461,156190568.6,0.01092,11532.20664,896901.2905,2902552.626,156190568.6,0.018583405,,,,
BAL-USDT,1643871600,20.645,392362.1817,10.42,11327.65564,940.3575962,6513342.372,392362.1817,16.60033173,,,,
ZEE-USDT,1643871600,0.562,48563458.06,0.1044,10838.40836,84185.02248,13854115.57,48563458.06,0.285278605,,,,
LNCHX-USDT,1643871600,0.276,98639698.47,0.0695,10835.19521,122580.9579,13657228.81,98639698.47,0.138455703,,,,
GO-USDT,1643871600,0.04672,93816848.4,0.016226,10400.36472,504968.9958,3238774.569,93816848.4,0.034522313,,,,
NU-USDT,1643871600,0.9007,7853958.041,0.4001,9816.333195,20157.63154,5317746.804,7853958.041,0.677078586,,,,
JAR-USDT,1643871600,0.012371,519995157.5,0.003033,9567.850273,2536669.48,4007422.452,519995157.5,0.007706653,,,,
LIKE-USDT,1643871600,0.5286,10853362.82,0.1289,9554.861729,70571.81679,3401683.498,10853362.82,0.313422075,,,,
NDAU-USDT,1643871600,27.063,153089.7722,14.505,7918.432959,335.9665893,3097584.255,153089.7722,20.23377663,,,,
WSIENNA-USDT,1643871600,19.6999,646842.9354,6.7741,7677.992683,1084.652551,7831983.683,646842.9354,12.10801456,,,,
XVS-USDT,1643871600,22.956,249131.2033,6.64,7365.040838,931.58014,3657666.096,249131.2033,14.68168598,,,,
ASD-USDT,1643871600,0.4107,4477528.015,0.2391,7297.98032,29314.84176,1396025.984,4477528.015,0.31178498,,,,
TRB-USDT,1643871600,51.99,187542.7805,16.613,6969.251713,339.7608793,6062875.216,187542.7805,32.32795844,,,,
MEM-USDT,1643871600,0.2434,36803731.52,0.0633,6777.399658,92128.13812,5141620.224,36803731.52,0.139703775,,,,
SUSD-USDT,1643871600,1.017619,2589742.567,0.981777,4589.347878,4616.896623,2593625.952,2589742.567,1.001499526,,,,
WNXM-USDT,1643871600,75.132,36204.52879,32.785,3045.73967,88.5467,2090984.394,36204.52879,57.75477445,,,,
UNIC-USDT,1643871600,192.81,46544.82517,65.36,2122.449886,30.78904356,6709117.612,46544.82517,144.1431478,,,,
SWP-USDT,1643871600,2.7707,9059491.367,1.5204,1392.00638,842.3498057,16179995.6,9059491.367,1.785971744,,,,
