,tlast,hh,vv,ll,qlast,vlast,qq,vv,a
SNX-USDT,1643882400,7.638752,12813949.3508166,2.55,3722740.8521587485,664153.79180375,71276970.97369191,12813949.3508166,5.562451436500302
XLM-USDT,1643882400,0.360101,2307554749.568233,0.134319,5209313.153613386,26649400.210448757,590665723.8869061,2307554749.568233,0.2559704050347779
VET-USDT,1643882400,0.1189539,8620905309.87791,0.0437807,5602601.8870064,105518368.4653979,660815248.8817911,8620905309.87791,0.07665265133171374
GO-USDT,1643882400,0.04672,93421583.87184286,0.016226,11418.522757497638,557272.36490445,3221093.6227977774,93421583.87184286,0.03447911595265311
EOS-USDT,1643882400,4.1267,141262377.60763162,1.1,2453096.929164095,1054105.30925061,429321414.58138424,141262377.60763162,3.039177322739543
ETC-USDT,1643882400,47.3704,2998135.5644384203,21.2183,1168904.5863549644,43518.340066,96280212.9345296,2998135.5644384203,32.113362076262156
LTC-USDT,1643882400,206.532,5613884.45690936,83.7,7326820.1635127,66571.81216901001,793628847.7512867,5613884.45690936,141.36893159147903
NANO-USDT,1643882400,5.181932,12644810.39834576,1.916,139933.91444065497,66016.53994498,40372985.18906535,12644810.39834576,3.192850182581393
LYM-USDT,1643882400,0.016782,939476326.004431,0.002386,12905.289736987634,3583085.6689257603,5819192.766240966,939476326.004431,0.0061940813250609995
TKY-USDT,1643882400,0.001077,7836457446.582698,0.000295,9388.37736066175,28191157.93371663,5130014.376377264,7836457446.582698,0.000654634369081446
ONT-USDT,1643882400,1.08325,24890109.76173278,0.406,106081.2397178866,214518.28319257998,16224590.831878942,24890109.76173278,0.6518489065413198
AOA-USDT,1643882400,0.0066018,12595616185.585403,0.00128,1342189.1657532237,938166341.8577073,38920280.86571631,12595616185.585403,0.0030899862533329027
SUSD-USDT,1643882400,1.017619,2579623.01997687,0.981777,4743.475262521968,4771.3751490800005,2583559.2989521204,2579623.01997687,1.001525912485959
TRX-USDT,1643882400,0.101591,7398635428.374478,0.050866,5591061.674232891,93956219.16909948,547442959.892846,7398635428.374478,0.07399242268288414
BCHSV-USDT,1643882400,185.454,690631.06056948,12.91,672961.7081538793,7368.6469507500005,84295379.39340638,690631.06056948,122.05558684820542
KCS-USDT,1643882400,25.94,47332308.695156306,13.4,7500994.576499998,418906.31291875,952883794.7700194,47332308.695156306,20.13178357529667
NEO-USDT,1643882400,38.2173,2685899.05585162,16.12,703713.4840349595,33884.297796800005,67593896.27469285,2685899.05585162,25.166208732762964
BCH-USDT,1643882400,565.88,420353.24858774,186.0,1142308.4677009354,4053.05571322,165968716.8962354,420353.24858774,394.8315314651194
ETH-USDT,1643882400,4612.89,5559774.05077263,2158.04,311360830.9715086,115716.56284811,18764139403.929695,5559774.05077263,3374.9823702497556
BTC-USDT,1643882400,56968.0,577007.12468546,32918.7,303072809.503244,8112.83784024,25343692670.90274,577007.12468546,43922.66851941937
AVA-USDT,1643882400,2.369629,14390250.574293789,0.974955,151493.63918958994,133689.77042589,21266270.840170823,14390250.574293789,1.4778249155827836
MHC-USDT,1643882400,0.011027,838058596.028189,0.004578,288013.4392737028,41523008.71436851,6059211.253034194,838058596.028189,0.007230056802412879
MTV-USDT,1643882400,0.017085,17564196341.09739,0.0056909,1949608.2200338887,269307153.1455219,165692590.32743645,17564196341.09739,0.009433542367079016
KMD-USDT,1643882400,1.2069,6916220.238814671,0.4491,35983.67347222097,75754.49071144001,5504754.431531108,6916220.238814671,0.795919482239411
RFOX-USDT,1643882400,0.22881,981497863.2472199,0.0505,361202.45433703554,6145608.60634752,113201873.56267808,981497863.2472199,0.11533583291578167
TEL-USDT,1643882400,0.01431228,33011535110.90812,0.00522902,5033641.9870766215,697773260.9689236,340393281.7682205,33011535110.90812,0.010311343614424739
AERGO-USDT,1643882400,0.4258,15754754.16400416,0.1446,31776.450324215522,163927.86405007,3842461.6309843026,15754754.16400416,0.2438921985697122
XMR-USDT,1643882400,251.44,895362.39756606,134.65,2702776.5974433906,18470.391518869998,173227781.0637855,895362.39756606,193.4722538434553
ATOM-USDT,1643882400,43.6516,94356721.52719739,20.182,40470845.69136842,1498180.3645609599,3090799106.2083936,94356721.52719739,32.75653346346398
ETN-USDT,1643882400,0.0136326,1784831418.223393,0.0063011,192414.35307073785,28078697.661304764,17310759.525037095,1784831418.223393,0.009698820487073276
FTM-USDT,1643882400,3.30814,2593867981.926161,0.8929,65539670.1234771,33306003.241702378,6005900139.556349,2593867981.926161,2.3154224430097914
TOMO-USDT,1643882400,3.186,9074405.990266161,0.95091,128452.34513994213,115957.29432155,17191152.094412845,9074405.990266161,1.894465832017354
VSYS-USDT,1643882400,0.02461,155677378.71150774,0.01092,11458.450099055735,892201.3764839601,2892146.7076533465,155677378.71150774,0.018577822491557393
CHR-USDT,1643882400,0.959619,254099306.60895908,0.274704,1822841.502193112,3392093.0118546495,179217113.5197674,254099306.60895908,0.7053034339663504
COTI-USDT,1643882400,0.432403,641504446.451327,0.214204,3591136.998110748,12506745.78110836,210898653.0344358,641504446.451327,0.32875633863659803
BNB-USDT,1643882400,624.837,3439672.11602577,320.0,16433712.245770356,44215.062200650005,1674956447.90387,3439672.11602577,486.9523580750862
JAR-USDT,1643882400,0.012371,519878302.257818,0.003033,10998.32924095847,2921130.58889666,4002854.1435155966,519878302.257818,0.007699598398570021
ALGO-USDT,1643882400,1.938,414586159.3759135,0.7938,8070462.473159438,8321139.569830939,580806976.5650418,414586159.3759135,1.4009319014396053
XEM-USDT,1643882400,0.170091,117090632.42184284,0.05,116596.23218053316,1136001.3257290302,14434158.17534785,117090632.42184284,0.12327338128421628
CIX100-USDT,1643882400,0.2366,445106543.1274267,0.06405,1818949.130834403,18077808.51795703,64856478.54580432,445106543.1274267,0.14571000931621214
XTZ-USDT,1643882400,5.91557,64376374.88145054,2.33071,4919860.32663886,1307036.09184888,290643721.5845841,64376374.88145054,4.514757504127969
ZEC-USDT,1643882400,237.054,1039455.7497631,81.475,1809978.576758355,18162.39891493,148389016.24965185,1039455.7497631,142.75645334923672
ADA-USDT,1643882400,1.719545,1850568988.6960413,0.885,21785890.530030444,20882300.59087415,2380858556.6848593,1850568988.6960413,1.2865548764882706
R-USDT,1643882400,0.01549,1130333227.1405566,0.00489,66868.20356963106,12275248.200882679,11345379.776430178,1130333227.1405566,0.010037199211714745
WXT-USDT,1643882400,0.00542,2029417106.1305847,0.003136,65058.277967033246,15571922.782705098,8413988.889505494,2029417106.1305847,0.004146012598439233
FORESTPLUS-USDT,1643882400,0.030354,938407866.8583972,0.008976,528151.1025175119,45115470.3287237,15163617.907893427,938407866.8583972,0.016158877651631588
BOLT-USDT,1643882400,0.00887,1753357370.7962518,0.00401,35837.66983984848,8415682.01880008,11163679.041061666,1753357370.7962518,0.006367030034494284
ARPA-USDT,1643882400,0.146999,419492952.6079546,0.04922,131885.04396771957,2186972.38949299,40913397.147774905,419492952.6079546,0.09753059471778856
CHZ-USDT,1643882400,0.42661,428097495.2142451,0.1238,1619428.806364309,8766940.30541272,118039718.26392187,428097495.2142451,0.27573092480919065
DAPPT-USDT,1643882400,0.00615,6023371723.94462,0.001826,180305.89161536875,74837925.02169387,22291705.138114575,6023371723.94462,0.003700868244524689
NOIA-USDT,1643882400,0.376007,111058984.12263411,0.116195,209830.83180597727,1632461.09012444,26065555.731807448,111058984.12263411,0.23470010947538658
WIN-USDT,1643882400,0.00071117,190288771736.8172,0.00026359,2742541.5953885596,9079388852.793802,80253604.86695915,190288771736.8172,0.00042174640224151296
DERO-USDT,1643882400,18.48223,2151065.1253133696,6.02576,415457.143792702,54125.97075719,20427342.91540449,2151065.1253133696,9.496385151253202
BTT-USDT,1643882400,0.00411101,6261543090704.996,1.2e-06,6425331.371912126,3068677611198.866,206346031.66373938,6261543090704.996,3.295450157806174e-05
EOSC-USDT,1643882400,0.021572,373671704.35228163,0.00702,14467.00003527574,1749743.80368726,5621975.15441214,373671704.35228163,0.01504522576617678
ENQ-USDT,1643882400,0.1136,282578286.16112846,0.035,49857.43334176077,1281855.3596788,17444500.74260959,282578286.16112846,0.061733337616261826
ONE-USDT,1643882400,0.378757,6521041610.841091,0.115,11420908.524725264,62837062.86782007,1651450347.6634145,6521041610.841091,0.2532494724336544
TOKO-USDT,1643882400,0.058198,1146322592.7363458,0.018002,186655.50777809124,9667766.360641979,38846175.45878879,1146322592.7363458,0.03388764707678008
VID-USDT,1643882400,0.47963,34383264.458419785,0.2002,71345.23463805497,222726.37920574,11398110.957125127,34383264.458419785,0.33150170981900334
LUNA-USDT,1643882400,102.5848,260268874.3899244,30.0,172211593.16869837,3486776.6444769,18479433281.968994,260268874.3899244,71.00131863744816
MXW-USDT,1643882400,0.0179,1335963507.8958168,0.0061,234644.93297999984,36101557.04337361,13167765.80409345,1335963507.8958168,0.009856381350440539
SXP-USDT,1643882400,2.3556,50438533.94460121,1.1157,579813.692032937,428175.24085675995,85920727.26479092,50438533.94460121,1.7034739225204547
AKRO-USDT,1643882400,0.0349373,601950858.8165201,0.0105891,65199.36856243758,5068097.480958359,12947521.250910103,601950858.8165201,0.021509266182236017
MAP-USDT,1643882400,0.036752,293754753.65213734,0.018223,153529.67290268763,6948025.27115122,7282861.892374844,293754753.65213734,0.024792320130414526
AMPL-USDT,1643882400,1.33638,44256220.44613281,0.69,592127.5066722909,595179.10829619,41117495.46843323,44256220.44613281,0.929078331903197
DAG-USDT,1643882400,0.264165,606180461.8416244,0.136436,1919358.4297513166,10938589.76660871,108891666.6354093,606180461.8416244,0.17963572482126489
POL-USDT,1643882400,0.25422,270794136.10938287,0.07634,505185.84013033204,6173526.571634131,37340674.31326503,270794136.10938287,0.13789321604136168
ARX-USDT,1643882400,0.03644,1676048493.3856294,0.01247,124085.18627065739,9356840.64013616,35020307.45373789,1676048493.3856294,0.020894566948356386
NWC-USDT,1643882400,0.778196,54590326.842588015,0.197,362961.1461879427,1592879.7099007498,22601977.79555527,54590326.842588015,0.4140289883357613
BEPRO-USDT,1643882400,0.01315063,9051760575.132956,0.00231424,335154.815694524,116592834.26444432,51254114.28831031,9051760575.132956,0.005662336499389509
VRA-USDT,1643882400,0.05507026,57546258915.294754,0.0173269,13410783.867502976,695394682.8946301,1782366612.7657704,57546258915.294754,0.030972762545508403
KSM-USDT,1643882400,370.151,552545.5563665701,154.3715,2194095.7316787513,13285.2743871,144626823.36388052,552545.5563665701,261.7464237970129
DASH-USDT,1643882400,178.96,740452.2796010401,78.0,831989.7629483542,8829.924303020001,94062435.76857658,740452.2796010401,127.03375809614356
SUTER-USDT,1643882400,0.0081447,2805950969.9972534,0.002869,24937.949926203393,8238479.922168599,16260089.779958561,2805950969.9972534,0.0057948588388821625
ACOIN-USDT,1643882400,0.675,62943229.70248406,0.31082,484104.9944606038,1089491.60963048,28392129.18514193,62943229.70248406,0.4510751882187169
SENSO-USDT,1643882400,2.266123,33096217.257512238,0.810081,210845.29291203874,238468.35812688997,50009650.27205534,33096217.257512238,1.5110382519834367
XDB-USDT,1643882400,0.67386092,186515838.741099,0.240675,2928187.390703588,8027211.00253182,70969975.95621553,186515838.741099,0.38050374936108416
SYLO-USDT,1643882400,0.00882,5752732594.597726,0.00275,386243.74085978477,64304702.71828567,29093998.339620166,5752732594.597726,0.005057422339940109
WOM-USDT,1643882400,0.26024,89791003.62802559,0.088255,487336.4303066335,4286929.881200001,12217851.00120546,89791003.62802559,0.1360698790250744
DGB-USDT,1643882400,0.050717,1094917136.6955714,0.017515,296678.6984857797,13812195.468339652,34279202.816728316,1094917136.6955714,0.031307577229252224
LYXE-USDT,1643882400,22.35,5659740.13276302,10.5,1462452.972157138,93791.57214790999,86801397.34995955,5659740.13276302,15.336640077781118
STX-USDT,1643882400,2.6635,76810917.77992678,1.1877,834848.4316384393,587000.26940956,160498852.86589876,76810917.77992678,2.0895317684622485
USDN-USDT,1643882400,1.0361,14546916.18093167,0.92,90819.35039496794,92963.25519349,14284125.023588676,14546916.18093167,0.9819349232459684
XSR-USDT,1643882400,0.000748,16484123466.778053,0.000282,25396.52011932007,72898859.78903088,9006602.151619025,16484123466.778053,0.0005463804108098829
COMP-USDT,1643882400,273.82,383405.58918353997,75.0,345430.25889227295,2792.52558906,75853785.78090058,383405.58918353997,197.8421492040082
CRO-USDT,1643882400,0.6999,2016416831.559461,0.3251,5924688.891604072,14467666.263300989,1074677240.8744817,2016416831.559461,0.5329638317109986
KAI-USDT,1643882400,0.1106258,709206531.8706977,0.0366666,400505.56261533336,9455852.72142095,46765483.39616917,709206531.8706977,0.06594057061602956
WEST-USDT,1643882400,0.34793,12596757.1921456,0.14775,90672.45152686088,582463.91427262,2640379.554933699,12596757.1921456,0.2096078788102737
WAVES-USDT,1643882400,21.2904,3197077.8914402695,7.5634,368824.5556508249,42242.70243119,43324992.667119905,3197077.8914402695,13.551434822128211
ORN-USDT,1643882400,7.8364,7527389.96083596,3.0621,437942.16570032947,110475.77454163,39760170.38701825,7527389.96083596,5.282065974246756
BNS-USDT,1643882400,0.184849,34691818.04974881,0.04685,55085.17071455023,654181.1177298301,3567264.7082942394,34691818.04974881,0.10282726328088962
MKR-USDT,1643882400,2978.47,18782.2642424,1614.69,626632.8173346076,285.74016403999997,42503191.39435488,18782.2642424,2262.9428936691297
MLK-USDT,1643882400,2.05674,5474337.51822583,0.62792,60117.6048430125,72024.05358753,6718329.041114917,5474337.51822583,1.2272405599303
JST-USDT,1643882400,0.0757525,129325982.25719474,0.03496495,1940526.1110085256,46250466.375769995,5929799.871710643,129325982.25719474,0.04585157420198719
SUKU-USDT,1643882400,1.23955,138093491.46495524,0.30036,1531894.428626305,3614225.11196741,77007022.5767895,138093491.46495524,0.5576441131284743
DIA-USDT,1643882400,2.0016,13542397.7209668,0.7103,124412.73413923547,136530.30076508,16143125.358915754,13542397.7209668,1.192043365697525
LINK-USDT,1643882400,28.536,77301059.9985126,5.5,15821550.81814596,979960.2193120399,1664157779.073797,77301059.9985126,21.528265965639
DOT-USDT,1643882400,36.4772,99231322.8727439,15.8175,21714703.332381975,1134235.58946736,2535633232.614426,99231322.8727439,25.552750474426
SHA-USDT,1643882400,0.00896,14720760767.798693,0.0038,664557.5395522999,161981838.82252985,85273613.48473814,14720760767.798693,0.005792745010249205
EWT-USDT,1643882400,14.736,8509920.6109357,5.227,416010.9911164951,71258.08259697999,82061625.92792144,8509920.6109357,9.643054228081505
USDJ-USDT,1643882400,0.938,1846974.8945338102,0.75843841,713898.3548294796,870649.29756327,1537209.1315523866,1846974.8945338102,0.8322848004603708
CKB-USDT,1643882400,0.031214,3589319176.7280846,0.012501,878611.5353817675,58526774.85201186,73331022.5413193,3589319176.7280846,0.02043034317392906
UMA-USDT,1643882400,12.857,3143309.25800994,5.186,95655.88353532282,17088.32171669,29525119.50929745,3143309.25800994,9.393004978450671
ALEPH-USDT,1643882400,0.867021,71527825.40498655,0.345001,356983.7058729449,688257.07162014,39355094.5741688,71527825.40498655,0.5502067810861362
VELO-USDT,1643882400,0.198321,468338301.6144795,0.038648,152745.29000501346,2681441.89142749,40364213.84521114,468338301.6144795,0.08618601917901138
SUN-USDT,1643882400,0.03181,222582391.78262535,0.01316,1099694.9587774586,73409316.85952336,4157377.074085274,222582391.78262535,0.01867792434428228
BUY-USDT,1643882400,0.0373,496912593.6006981,0.0105,35636.975130886654,2415153.25521977,11511860.048493316,496912593.6006981,0.023166770568394675
YFI-USDT,1643882400,41302.58,6287.0527124499995,8123.46,700784.0312082742,29.71924638,196755559.06946948,6287.0527124499995,31295.356992926478
LOKI-USDT,1643882400,0.76119,5028748.44861253,0.44108,15933.301688422593,33375.80239684,2912740.225557957,5028748.44861253,0.5792177229230077
UNI-USDT,1643882400,22.7252,12490416.569287,9.542,1937586.0375551905,181286.29501724,193193718.8359643,12490416.569287,15.467355933589372
UOS-USDT,1643882400,1.8661,172895245.5493946,0.75,2983788.5777352373,2767118.43703885,237964839.19920594,172895245.5493946,1.3763527067678767
NIM-USDT,1643882400,0.0066941,1594942070.529661,0.0023689,46344.946596096925,14874187.49103356,6294849.699032902,1594942070.529661,0.00394675757530332
DEGO-USDT,1643882400,9.7304,3492871.80096409,3.0605,104158.5479687016,28309.90897888,20709586.006673343,3492871.80096409,5.929099946055036
RFUEL-USDT,1643882400,0.058217,216036318.02093697,0.028037,470450.9908971695,12248993.65857798,8996760.51759054,216036318.02093697,0.041644666970849904
FIL-USDT,1643882400,53.7299,7751579.5636048205,16.3623,2465211.040932003,120792.9083905,246633702.5563284,7751579.5636048205,31.81721874007741
REAP-USDT,1643882400,0.435908,402297462.8524262,0.108767,974425.2998053078,6456876.589950331,76805475.8252805,402297462.8524262,0.19091712704500668
AAVE-USDT,1643882400,292.329,1150341.02649804,113.208,1069928.1337281635,6933.042122,247452163.57135472,1150341.02649804,215.1120040677575
PRE-USDT,1643882400,0.429,314638846.1751598,0.21,222022.9331742589,920593.5771164601,99301341.37683259,314638846.1751598,0.31560420012966683
COMB-USDT,1643882400,0.004266,5158019925.455019,0.001298,520698.9278925532,290148844.06228757,12107101.935784277,5158019925.455019,0.002347238302829208
SHR-USDT,1643882400,0.028758,1427446510.8730304,0.0085,143760.80867240054,13051602.939374,23432716.366837457,1427446510.8730304,0.016415827975582734
VIDT-USDT,1643882400,1.2412,45708022.90639059,0.4046,691497.5036614687,1306812.89658857,38015991.1135418,45708022.90639059,0.8317137494964074
UBXT-USDT,1643882400,0.0314,260792546.59787753,0.014,69873.23882268011,4730118.41991143,6289030.827497972,260792546.59787753,0.024115071191797455
ROSE-USDT,1643882400,0.59149,4391421230.997917,0.17,19976305.410653673,60253126.16413426,1573610537.5627208,4391421230.997917,0.3583374162457947
USDC-USDT,1643882400,1.00073,1046752291.8637882,0.97432,10175220.884176863,10179973.378503,1046347258.1376004,1046752291.8637882,0.9996130567572328
CTI-USDT,1643882400,0.07699,179679565.47987992,0.02501,51295.8443363501,1879701.0647586598,9262943.09414601,179679565.47987992,0.05155256842594742
XHV-USDT,1643882400,9.376,9430228.13545182,1.604,369764.3859127861,207886.56426299002,35177830.7242713,9430228.13545182,3.7303265858462566
PLU-USDT,1643882400,22.397,3585281.2118773498,4.774,439869.2920561405,32595.566258389998,36389554.47968266,3585281.2118773498,10.149707185905262
GRT-USDT,1643882400,0.91828,237359613.16949394,0.23873,736684.0619934727,1781430.90378441,148074353.91434604,237359613.16949394,0.6238397170314268
CAS-USDT,1643882400,0.02084,592298395.9112464,0.013,326389.35039874713,24591227.754646763,9331768.112654863,592298395.9112464,0.015755180458150678
MSWAP-USDT,1643882400,0.00253,1617154817.8761191,0.00109,24167.34066019981,18733106.92324721,3101317.721271543,1617154817.8761191,0.0019177617918763278
GOM2-USDT,1643882400,0.06552,410202066.0221629,0.01399,16825.376528967823,472819.0216633901,13140584.029630264,410202066.0221629,0.032034416981508544
REVV-USDT,1643882400,0.282702,53064991.4162367,0.077001,19012.883668619408,184112.35365349,8669048.416054849,53064991.4162367,0.16336662241317754
LON-USDT,1643882400,1.881,16166622.54556728,0.975,29458.17877567869,29472.00375343,22074776.493608743,16166622.54556728,1.3654538189030347
1INCH-USDT,1643882400,3.476,62172973.37966401,1.423,784130.9557627705,465581.42814061,147726624.88435444,62172973.37966401,2.3760585484990484
LOC-USDT,1643882400,3.60103,1295724.6796582201,1.99172,25745.192474526397,10587.58118647,3709576.94841312,1295724.6796582201,2.8629360902438115
API3-USDT,1643882400,6.712,26720899.50113711,2.35,1188479.9461885937,342555.93030049,120687118.66838397,26720899.50113711,4.516581437060085
UNFI-USDT,1643882400,11.993,1333453.81481585,4.322,53321.33872031928,10447.818675309998,9798133.85346595,1333453.81481585,7.347936422394256
HTR-USDT,1643882400,2.259,683290402.084322,0.5711,5244113.501198336,8193366.74661279,878997718.068357,683290402.084322,1.2864189448396257
FRONT-USDT,1643882400,1.0305,23741520.303870693,0.3696,232200.17566922493,464406.18807856,15598995.749139985,23741520.303870693,0.657034408474541
MIR-USDT,1643882400,2.853,84503629.11874199,1.1,2110074.1957024913,1785813.9004660202,174533331.21994925,84503629.11874199,2.0653945048289013
HYDRA-USDT,1643882400,11.478,3230148.2778219096,6.225,221927.28874358992,25068.712661,27346129.137729965,3230148.2778219096,8.465905211066493
DFI-USDT,1643882400,5.605,31804282.85889398,2.293,797642.6895065533,317674.78331419,114313530.77816278,31804282.85889398,3.5942810370960876
CRV-USDT,1643882400,6.7,170921664.66897327,2.148,4230357.87485524,1335249.2143516801,769010328.3829713,170921664.66897327,4.499197511750929
SUSHI-USDT,1643882400,10.378,60821522.71174599,1.546,1479444.15359522,354701.61752142,433065322.77799666,60821522.71174599,7.120264397694241
FRM-USDT,1643878800,0.3243,54018743.02672939,0.0818,127828.04333501279,1353976.05328611,8501086.237482231,54018743.02672939,0.1573728998706199
ZEN-USDT,1643882400,105.543,344800.14124635,30.08,74912.48536740488,1943.7864685099998,20891386.328946345,344800.14124635,60.589842722889244
CUDOS-USDT,1643882400,0.05001,613212584.9669425,0.0238,279921.2957056874,10338414.83541351,21644330.91223567,613212584.9669425,0.035296618893433974
REN-USDT,1643882400,0.9045,45964597.06635336,0.2431,148824.42134375995,474898.93467623,23688020.271913126,45964597.06635336,0.5153535934997469
LRC-USDT,1643882400,2.7999,348216370.5329294,0.6454,3520930.01324663,3960400.55270154,620199198.0746855,348216370.5329294,1.7810742129254251
KLV-USDT,1643882400,0.04067,1037474421.7273079,0.02117,232259.3552904022,10170245.84662345,32623828.153424542,1037474421.7273079,0.031445428889811666
BOA-USDT,1643882400,0.35327,148973316.6267001,0.10469,67635.85319127268,525920.96575482,33559827.29672359,148973316.6267001,0.2252740830146004
THETA-USDT,1643882400,6.6453,74860199.69841322,2.0,3036218.59263537,1090151.08153439,301718507.21953744,74860199.69841322,4.030426160163353
QNT-USDT,1643882400,220.498,3025311.00308259,83.539,18887158.850133643,153629.63860487,465986029.77701277,3025311.00308259,154.02913264196775
BAT-USDT,1643882400,1.4442,76275594.14042178,0.651,487532.03738081764,593495.6161202401,86670248.58762738,76275594.14042178,1.1362775939584195
DOGE-USDT,1643882400,0.21164,6458364580.855026,0.11738,7165380.432840076,51233617.08707303,1106878450.3293734,6458364580.855026,0.17138680179353286
DAO-USDT,1643882400,6.41052,15137209.391885579,2.14,495912.09544221964,219514.99867955002,64446741.08676633,15137209.391885579,4.257504763150962
STRONG-USDT,1643882400,721.315,568919.08129278,375.48,4701054.932773113,9750.9344997,293851823.8984326,568919.08129278,516.5089967288495
TRIAS-USDT,1643882400,15.03,30066814.257837564,5.155,984269.04383884,180941.98859017002,271853199.83492434,30066814.257837564,9.041636320484468
MITX-USDT,1643882400,0.0497,341990499.41826653,0.0127,106927.76622750598,7062744.23005604,9881486.325410087,341990499.41826653,0.02889403753092181
CAKE-USDT,1643882400,13.378,15451306.882387089,6.814,1158959.1732074877,157646.44057166,168358593.9688073,15451306.882387089,10.896074697779701
ORAI-USDT,1643882400,11.964,1433160.97598336,3.871,246496.71815432847,52345.41326284,9973250.609032586,1433160.97598336,6.9589186254457305
ZEE-USDT,1643878800,0.562,48529910.78518851,0.1044,9340.667997286304,72760.15222298,13840518.716821525,48529910.78518851,0.2851956348752592
LTX-USDT,1643882400,1.1343,23756897.76549848,0.5987,106295.43518616576,166110.80631087002,18334498.7660912,23756897.76549848,0.7717547529592821
MASK-USDT,1643882400,15.4807,6769381.39658476,4.5346,386684.68366305786,65639.32033902,73635282.3267497,6769381.39658476,10.877697386632645
IDEA-USDT,1643882400,0.3487,87255725.44697168,0.098,157962.1650420596,1541821.0906641998,15255474.525221765,87255725.44697168,0.17483637259417484
PHA-USDT,1643882400,0.6423,179154020.5327562,0.229,841201.900439369,3305430.33102142,74251734.2331681,179154020.5327562,0.4144575377787407
SRK-USDT,1643882400,0.00449,15815730753.53896,0.00094,60911.41577919558,43814549.669217184,37427199.3480386,15815730753.53896,0.002366454002744313
PIVX-USDT,1643882400,0.8349,6217925.77236342,0.2798,15164.326093141444,49915.96086565,3029588.9681057734,6217925.77236342,0.48723466297575846
SWINGBY-USDT,1643882400,0.0695,240309721.86526546,0.0151,67731.57145006038,4226568.26958126,7999319.883197102,240309721.86526546,0.033287541682071785
GAS-USDT,1643882400,7.8737,1022716.4449092599,3.6768,593648.3422275883,118735.81657514,5634303.488260993,1022716.4449092599,5.509155070603068
AVAX-USDT,1643882400,125.876,33542422.551967375,52.56,55340653.0973772,796013.6092059,3030578454.6279182,33542422.551967375,90.3506134636708
KRL-USDT,1643882400,1.98102,17743219.200258963,0.77295,214561.36686929647,261213.76569076,23163796.04757848,17743219.200258963,1.3055013177789296
POLK-USDT,1643882400,0.8506,28499940.48983685,0.2174,46474.27633157869,179289.63257689,12948378.273775972,28499940.48983685,0.4543300109132999
ENJ-USDT,1643882400,3.4231,158877634.61406487,1.3165,2360621.1081959773,1362261.9630932799,384917488.4367019,158877634.61406487,2.422729224108341
MANA-USDT,1643882400,4.41064,477260239.4836172,1.70444,15152618.25673069,5902525.02982363,1512234796.9270205,477260239.4836172,3.168574860883484
RNDR-USDT,1643882400,6.5355,160832778.86561018,1.8,21145549.474953093,5854547.7687481195,655597480.061578,160832778.86561018,4.076267814842564
RLY-USDT,1643882400,0.5181,26032733.241527908,0.1975,43846.81651612129,197800.91598965996,8704335.491481923,26032733.241527908,0.33436118331196213
ANC-USDT,1643882400,4.281,33899387.94526374,1.1901,1284690.499533435,897984.64573515,93678594.78485213,33899387.94526374,2.763430270071895
SKEY-USDT,1643882400,0.1685,213223523.5766825,0.0471,203756.89932512117,3178941.98777035,22409371.948489692,213223523.5766825,0.10509802845665156
LAYER-USDT,1643882400,0.5555,23445508.41487689,0.1317,37479.60349950582,211501.58928160998,7121089.39502454,23445508.41487689,0.3037293655148886
TARA-USDT,1643882400,0.01932,3041684633.3885717,0.00506,193930.3685727012,27897004.61203569,32173221.299705274,3041684633.3885717,0.010577434934095346
IOST-USDT,1643882400,0.0406,960423998.7600565,0.01333,336978.48111329507,13136456.04012983,28064673.121040013,960423998.7600565,0.029221128540386915
DYP-USDT,1643882400,0.712,50360047.37372883,0.1933,446026.81997581874,1340062.5059745,20500846.544365104,50360047.37372883,0.4070855293726296
XYM-USDT,1643882400,0.3532,131584869.70871554,0.1423,47250.12211781459,264529.97086243995,29310062.037473734,131584869.70871554,0.22274644571489347
PCX-USDT,1643882400,3.018,2385582.9212514097,1.193,48964.395462658205,29996.11152544,4279846.569820194,2385582.9212514097,1.7940464494837625
ORBS-USDT,1643882400,0.114,23508614.4742495,0.0518,10020.539172619425,153004.42553263,1867964.6696516364,23508614.4742495,0.07945873082812849
BTC3L-USDT,1643882400,0.7116,510916090.8533031,0.0863,2823475.4760573003,22008991.01621659,98936427.38961288,510916090.8533031,0.19364515849241482
BTC3S-USDT,1643882400,2.9891,162208741.19653806,0.7742,6645612.53600718,3154142.02615017,253029376.84908092,162208741.19653806,1.5598997623839597
ETH3L-USDT,1643882400,2.8602,155588927.81391793,0.1535,2307238.3565914556,8217920.1725720605,93790324.861884,155588927.81391793,0.6028084785959567
ETH3S-USDT,1643882400,0.034619,9695057167.637798,0.006174,3843568.15062848,196466326.3173892,129002124.60357063,9695057167.637798,0.01330596843040607
ANKR-USDT,1643882400,0.1478,750582927.5615773,0.057,563987.4424210317,7320746.39535892,76325493.30741291,750582927.5615773,0.10168828853511488
DSLA-USDT,1643882400,0.00749,3197004514.699852,0.00263,231992.00645303185,69179865.53730151,13791070.649989782,3197004514.699852,0.004313747630501718
SPI-USDT,1643878800,39.27,335857.3738923,9.358,27412.01411350153,2578.2738341,6937142.5182943735,335857.3738923,20.655025190898204
GSPI-USDT,1643882400,7.018,970798.6122556998,2.12,158446.4323775,66602.5569,3305875.736264034,970798.6122556998,3.4053156798222695
SAND-USDT,1643882400,6.8465,400701233.41800064,2.56,15847802.803669855,4233653.94145312,2025433775.099781,400701233.41800064,5.054723085883051
VAI-USDT,1643882400,0.4776,65174806.62364273,0.0751,104306.37822056428,1247306.9710994,12865896.567603033,65174806.62364273,0.19740597991948344
XCUR-USDT,1643882400,4.104,14929944.167720778,1.322,228248.59078239545,119456.5031661,33551927.234423634,14929944.167720778,2.247290871118221
FLUX-USDT,1643882400,3.3018,499615286.5323222,1.01,7527205.691296751,4944523.327369031,1045021861.7168446,499615286.5323222,2.0916530976664536
OMG-USDT,1643882400,8.213,9441101.493045881,3.692,350757.99595028174,74471.39482496,55671906.229384765,9441101.493045881,5.8967596387340535
ZIL-USDT,1643882400,0.0886,1906306878.4685893,0.0376,722165.2441786573,16132333.15591206,122182615.97648987,1906306878.4685893,0.06409388611903029
DODO-USDT,1643882400,1.4296,108260741.99353725,0.4201,1783098.280021226,3764346.20100137,87173595.50628325,108260741.99353725,0.8052188993078135
CBC-USDT,1643882400,0.126581,341781049.24361557,0.033923,12240.795540104538,286718.62550325,25771597.93808398,341781049.24361557,0.0754038235739467
MAN-USDT,1643882400,0.074886,395143341.37625265,0.0178,118951.45322645275,5690400.70344439,14516835.189238163,395143341.37625265,0.03673814960079344
BAX-USDT,1643882400,0.0012398,104844647485.72064,0.00032,91928.65877497141,271702716.27828616,86275811.68731692,104844647485.72064,0.0008228919048925916
BOSON-USDT,1643882400,2.7145,49531217.54625336,0.7174,383724.41778760584,463031.47720328,74224360.42175964,49531217.54625336,1.4985369651462184
PUNDIX-USDT,1643882400,1.3952,5305648.30955926,0.641,38525.87022273978,49313.18673387999,5325592.170015771,5305648.30955926,1.0037589865164223
WAX-USDT,1643882400,0.6877,443314837.15300226,0.2364,3134246.2037838614,9595869.59049275,194622646.0464546,443314837.15300226,0.43901676581892535
HT-USDT,1643878800,10.2537,1154358.9109557401,6.9964,62147.71729297952,6706.85160698,10942617.293530595,1154358.9109557401,9.479389113452385
PDEX-USDT,1643882400,14.9415,1965583.31002313,7.0812,101723.34228124924,13941.16213774,19981660.17252147,1965583.31002313,10.16576609631791
LABS-USDT,1643882400,0.01014,1454014883.1180227,0.00299,51539.70464321583,13442536.630748391,8395307.660060436,1454014883.1180227,0.005773880142173887
GMB-USDT,1643882400,0.00289,3703775211.657508,0.001306,83193.21263402946,52192578.47774002,7081435.323076213,3703775211.657508,0.0019119506229178362
PHNX-USDT,1643882400,0.075,173314297.9560433,0.024,77762.22347145953,2632048.91643666,8429572.542838704,173314297.9560433,0.0486374906297497
HAI-USDT,1643882400,0.17594,367946932.1571815,0.06738,102120.21145283322,1128170.1160164601,45453378.297636926,367946932.1571815,0.12353242906838509
EQZ-USDT,1643882400,0.3936,103330229.86075707,0.102,347672.27194014855,2897290.47384544,19866206.25509988,103330229.86075707,0.19225938316280378
FORTH-USDT,1643882400,14.208,683486.2198540499,4.455,1867276.216895169,251288.02531528997,5624862.609308659,683486.2198540499,8.229664982140795
CARR-USDT,1643882400,0.0206,1164816343.0528228,0.0059,53467.24683301817,8311753.65197356,14399428.050749134,1164816343.0528228,0.012361972886652861
HORD-USDT,1643875200,0.23189,57330772.571802765,0.04779,17609.04060201683,285960.44006083003,6813905.046344914,57330772.571802765,0.11885248952141672
CGG-USDT,1643882400,2.2656,43363589.4619654,0.46,123547.77860068192,242294.29007524002,41918407.29212217,43363589.4619654,0.9666729118190087
UBX-USDT,1643882400,0.000956,153211999117.1482,0.000204,554368.7249886565,2248157670.0493245,66352704.50056757,153211999117.1482,0.0004330777281342912
GHX-USDT,1643882400,0.1085,613715179.3000913,0.0391,180982.17695276014,3400725.9392482,45327122.99026042,613715179.3000913,0.07385693644070127
TCP-USDT,1643882400,0.1659,262537088.1094673,0.0339,191842.61952166317,4682549.14347573,20030904.280039307,262537088.1094673,0.07629742686750313
STND-USDT,1643882400,0.6866,20186014.241998307,0.1704,45002.10548218859,244085.93209216,7787365.661944848,20186014.241998307,0.38578025203919303
TOWER-USDT,1643882400,0.10175,141468726.96230182,0.02461,49022.343751662345,1714279.27020786,7950725.572119977,141468726.96230182,0.0562012943980097
ACE-USDT,1643882400,0.10611,919507256.6685842,0.02692,403673.7732417282,13338389.82700574,51940551.470421895,919507256.6685842,0.05648737526945119
LOCG-USDT,1643882400,0.27291,116440259.53091788,0.05001,111529.66495601111,1857583.6240170898,13915863.969847474,116440259.53091788,0.11951076050420907
CARD-USDT,1643882400,0.0132,1523497757.7555583,0.00346,58972.506020498426,16073771.23378532,12589685.44669663,1523497757.7555583,0.008263671792496735
FLY-USDT,1643878800,0.0201,592250303.4885329,0.0067,97279.58343296318,12682080.676401012,7096476.243410605,592250303.4885329,0.011982224747898345
CWS-USDT,1643882400,11.865,3720755.87794662,3.781,173950.72844124713,41743.75998863,24708537.745847665,3720755.87794662,6.640730689239309
XDC-USDT,1643882400,0.109,1303042606.4353333,0.0525,1636919.29806655,28905692.64329316,103891834.869818,1303042606.4353333,0.07973019021536798
SHIB-USDT,1643882400,4.424e-05,83418545014802.27,1.703e-05,17108922.14629318,821301066191.6045,2529389409.2332525,83418545014802.27,3.032166778723392e-05
POLX-USDT,1643882400,0.00107,24395903689.00892,0.0003706,49777.66510540933,113124044.18487805,17745653.2230742,24395903689.00892,0.0007274029873740298
KDA-USDT,1643882400,16.6637,214709703.01598385,4.3828,12396630.294947673,2188228.13967159,2125004173.5991757,214709703.01598385,9.89710359499208
ICP-USDT,1643882400,41.12,19777732.07633265,18.12,10814012.462892957,502831.25149411,554843176.8593417,19777732.07633265,28.053933318436645
STC-USDT,1643882400,0.00832,2415466966.804455,0.00384,15661.088817541724,3296236.5404677703,13277348.66859997,2415466966.804455,0.005496804076010717
GOVI-USDT,1643882400,1.6411,29266831.104455143,0.6926,187855.17406849415,211641.23958008998,32225062.3094358,29266831.104455143,1.101077947059678
FKX-USDT,1643882400,0.12124,491751791.2641886,0.04248,548307.1735121564,9709086.82257986,35175955.39026231,491751791.2641886,0.07153193138317293
CELO-USDT,1643882400,5.7993,19985306.542860888,2.8984,441346.180776377,144713.63767715002,85750851.67902347,19985306.542860888,4.290694840988327
CUSD-USDT,1643882400,1.0091,46151845.489433095,0.964,233860.77497909544,235353.34970733,45894639.13499111,46151845.489433095,0.9944269540748728
FCL-USDT,1643882400,0.2756,36868741.794832155,0.0705,47997.71380203123,614682.56672022,6118676.868405049,36868741.794832155,0.1659583856279765
MATIC-USDT,1643882400,2.898,1951532375.9169238,1.292,28961999.360645175,18509088.674887113,4166753729.665556,1951532375.9169238,2.1351189358095146
ELA-USDT,1643882400,7.4669,10677170.84333125,2.2613,649347.8496708847,143986.6016574,47149704.631884,10677170.84333125,4.415936142984242
CRPT-USDT,1643882400,0.316,649135498.4412808,0.09817,977594.1924829091,4288682.5351884505,91605778.37372085,649135498.4412808,0.14111965620996966
OPCT-USDT,1643882400,0.4784,94354121.47290164,0.14,328388.4853358811,1528340.5553519,27234512.286150265,94354121.47290164,0.28864146961478493
OGN-USDT,1643882400,1.055,50301008.8446345,0.2724,253952.63885444816,794675.3406637601,28860116.658721097,50301008.8446345,0.5737482671145181
OUSD-USDT,1643882400,1.0065,67844103.0731658,0.9518,79442.83775014813,80055.04408097,67686542.88218795,67844103.0731658,0.9976776140616387
TLOS-USDT,1643882400,1.28981,86527096.62017438,0.42435,6861897.79056141,6103741.8162595,63734223.68330084,86527096.62017438,0.7365810962440265
LNCHX-USDT,1643882400,0.2742,98639063.45998241,0.0695,9302.519364647662,105984.25336467,13655950.66060726,98639063.45998241,0.13844363664449674
YOP-USDT,1643878800,0.4492,47301762.80428231,0.1513,220039.97766231527,949346.77987917,12620298.500859695,47301762.80428231,0.26680397838613235
GLQ-USDT,1643882400,0.0618,544779568.9374602,0.01103,53824.0323102581,3828423.7799728597,16618527.104782399,544779568.9374602,0.03050504837616291
NIF-USDT,1643882400,58.2549,3244065.5341799897,11.5,424000.9135425331,31659.3105416,114434354.69383425,3244065.5341799897,35.27498242194422
MXC-USDT,1643882400,0.1216,317874637.6658592,0.03256,188454.27641924913,2294732.72074124,23390243.231371433,317874637.6658592,0.07358323206634243
ERSDL-USDT,1643878800,0.136,254177799.65874115,0.0156,39365.69508038362,1763178.70247945,12031881.11622398,254177799.65874115,0.047336475224736274
HOTCROSS-USDT,1643882400,0.51172,111357063.43119511,0.24508,79824.79880024152,280055.85501816997,39988886.15471048,111357063.43119511,0.3591050708643971
ADA3L-USDT,1643882400,0.2944,1756601403.0096946,0.019001,1282075.1309699467,53014254.941948056,99601921.84581195,1756601403.0096946,0.056701492823105895
ADA3S-USDT,1643882400,1.7747,146674197.46380633,0.34,1721782.689112134,1650047.86676757,138163545.48050833,146674197.46380633,0.9419758067168009
HYVE-USDT,1643882400,0.388,29318227.64085568,0.1343,134408.0320378067,889382.24829935,7779560.711739084,29318227.64085568,0.26534894288418964
DAPPX-USDT,1643882400,0.04764,855331278.9347602,0.016,485303.1549874017,29215946.76612407,20884939.14505732,855331278.9347602,0.024417368637643735
DPI-USDT,1643882400,332.12,6025.43175713,130.84,18311.306978746397,97.17448994,1439706.9398561954,6025.43175713,238.9383861418005
KONO-USDT,1643882400,0.5339,26719131.7683341,0.1255,262291.2904975577,1555722.6057735002,7120005.257482536,26719131.7683341,0.2664759214190012
PRQ-USDT,1643882400,0.7426,37911107.204667434,0.305,132613.8566181038,360492.95239862,17374527.384875182,37911107.204667434,0.4582964905529352
MAHA-USDT,1643882400,10.2143,5809590.18809897,2.4976,64898.31583294405,19905.0000649,32029244.269528583,5809590.18809897,5.513167578522312
FEAR-USDT,1643882400,2.8536,12790303.283678379,0.5253,77210.50646320914,136153.16288338002,17605451.614282023,12790303.283678379,1.3764686594060849
PYR-USDT,1643882400,41.0925,46151558.480099574,6.6,19303410.177681945,1555376.77894169,787340975.0507993,46151558.480099574,17.05990005495261
PROM-USDT,1643882400,18.874,353130.80041239003,8.1,12092.89447166217,1298.77427794,4727787.270203749,353130.80041239003,13.388204214083244
GLCH-USDT,1643882400,1.7116,124563039.33560343,0.306,201213.10329168083,469450.68864544,96834280.31665613,124563039.33560343,0.777391759491038
UNO-USDT,1643882400,0.5982,132018351.6221506,0.1515,600525.7539409578,2743970.48492645,44769010.2439221,132018351.6221506,0.3391120226379994
ALBT-USDT,1643882400,0.76999,97985843.77702324,0.31014,252638.68175520678,697907.48399906,51483105.058483765,97985843.77702324,0.5254137033879996
XCAD-USDT,1643882400,9.0774,14852431.41028288,4.2501,1093392.5674048027,238329.13063002,102163863.91900975,14852431.41028288,6.878595234466323
EOS3L-USDT,1643882400,0.1925,504229255.0895501,0.007898,107029.1684206174,8237514.977341941,19650790.592016824,504229255.0895501,0.0389719366610866
EOS3S-USDT,1643882400,6.0199,5635949.73141253,1.5389,153299.2160109882,37527.039324519996,15317108.793434538,5635949.73141253,2.7177511374991687
BCH3L-USDT,1643882400,0.6655,58778551.107139826,0.0261,65605.01987154628,1951995.0021612002,6539536.783505256,58778551.107139826,0.11125719604052811
BCH3S-USDT,1643882400,14.1622,721500.29684071,2.3851,123534.39605608158,9737.856136710001,4093344.6176521108,721500.29684071,5.673378979296281
ELON-USDT,1643882400,1.831e-06,271579807741370.03,5.02e-07,2129847.566641709,2665891702173.132,323693048.4713571,271579807741370.03,1.1918892319844905e-06
APL-USDT,1643882400,0.00375,2373602845.1896067,0.0018,17875.696060249495,9461431.370343119,6690471.244145336,2373602845.1896067,0.002818698695826214
VEED-USDT,1643882400,0.0085,2326493631.7339354,0.00213,31649.54476098583,9292880.19193354,11792755.675407939,2326493631.7339354,0.005068896606701133
DIVI-USDT,1643882400,0.15216,263063308.90037325,0.0501,308496.7373314071,4400345.19034658,22158964.723262824,263063308.90037325,0.08423434197604052
JUP-USDT,1643882400,0.0196,4538713108.738289,0.00686,1652364.1923686555,95136514.14842436,49437092.73127521,4538713108.738289,0.010892314968332106
POLS-USDT,1643882400,4.8421,13310510.286425158,1.3289,203953.2627538635,133702.10964888,38693809.86709059,13310510.286425158,2.9070117549552412
LPOOL-USDT,1643882400,4.7059,6703123.8173501305,1.365,419864.9225363942,300213.89084561996,16423324.607994525,6703123.8173501305,2.450100140696337
LSS-USDT,1643882400,1.23343,83125368.93050516,0.52665,369620.3376056019,625032.08133322,69334626.83382717,83125368.93050516,0.8340970719996758
VET3L-USDT,1643882400,0.115,4730520588.715129,0.001525,420357.48261269496,170500858.83956754,44300367.05457966,4730520588.715129,0.009364797430595734
VET3S-USDT,1643882400,4.6602,27054003.236244544,0.5782,429511.0986834707,139996.00816427002,37875863.59989202,27054003.236244544,1.4000095760005422
LTC3L-USDT,1643882400,1.6273,95194309.94982117,0.076,341363.6432189411,3079671.68850034,25877929.684238225,95194309.94982117,0.2718432403982864
LTC3S-USDT,1643882400,2.3483,21169720.953700736,0.5116,258215.71473193303,146103.13986383,23093626.7591602,21169720.953700736,1.0908800739351805
ETHO-USDT,1643882400,0.0925,115691002.83753991,0.0371,59575.75877599594,1355281.3653981502,7695356.623481569,115691002.83753991,0.06651646571244473
ABBC-USDT,1643882400,0.2419,185176730.01215243,0.1195,255561.18132061075,2088772.95609352,29578478.373133235,185176730.01215243,0.1597310762059148
KOK-USDT,1643882400,6.5508,88145340.80641606,3.8946,3980426.723340214,718961.80626938,489126781.0773325,88145340.80641606,5.549093991837276
ROSN-USDT,1643882400,0.4766,51203370.56234777,0.1373,220456.43372922853,1290390.48641278,13709995.924702395,51203370.56234777,0.26775573119758633
DORA-USDT,1643882400,18.6481,1107427.5704361,6.1881,121286.75927469137,18106.10710884,12305247.63496273,1107427.5704361,11.111559765589888
ZCX-USDT,1643882400,4.5006,25285347.992187608,1.0311,601512.7015395311,444127.24064176006,63627686.806426495,25285347.992187608,2.5163856485615894
NORD-USDT,1643882400,7.4136,11335109.34287053,1.48,90963.99051394712,53221.54987258,48296335.64749114,11335109.34287053,4.260773688775062
GMEE-USDT,1643882400,0.396,96340882.56305021,0.0887,103873.34410441486,675843.4138819999,19765269.95666824,96340882.56305021,0.20515973521140285
SFUND-USDT,1643882400,15.4733,13291476.01776814,4.85,1835426.9904840363,306932.29934923,116934380.67943515,13291476.01776814,8.797697149896402
XAVA-USDT,1643882400,20.3106,6723228.76354206,5.001,737784.6347615555,121488.52931022001,75270458.0697891,6723228.76354206,11.195581872501045
AI-USDT,1643882400,0.04827,1299448407.5626874,0.00961,81801.46739498386,7428768.691871639,28471411.071906608,1299448407.5626874,0.021910382056113377
ALPACA-USDT,1643882400,0.7815,9408296.24556712,0.2517,10227.609772783351,28586.80932822,4989757.485552151,9408296.24556712,0.5303571821415763
IOI-USDT,1643878800,4.4498,11058150.70953615,0.672,131399.0257977044,145144.73549376,21945872.389601815,11058150.70953615,1.9845879266843856
NFT-USDT,1643882400,3.915e-06,16573588158587.824,1.684e-06,7275321.974240953,3673060298203.548,41823728.43579766,16573588158587.824,2.5235168169740083e-06
MNST-USDT,1643882400,0.17691,393286529.15618753,0.04189,467459.6958965913,9996569.522241939,32231399.402948655,393286529.15618753,0.08195398777604321
MEM-USDT,1643878800,0.2434,36769506.665733114,0.0633,6485.1961256092545,88427.42092394,5133030.0935852025,36769506.665733114,0.13960018937020077
AGIX-USDT,1643882400,0.27024,107541717.54040939,0.11407,94573.80765072856,714842.1701384,20504147.335248884,107541717.54040939,0.19066226394928404
CQT-USDT,1643882400,1.014,66285130.21344656,0.3402,170247.39835913343,436684.27576474,38065918.759558216,66285130.21344656,0.5742753863043055
AIOZ-USDT,1643882400,0.9365,86438787.33412203,0.162,218442.76521805764,1173682.20952111,37802056.875799105,86438787.33412203,0.437327478110936
MARSH-USDT,1643878800,1.0155,39018802.63551453,0.3432,42258.6269495655,100357.60742603999,23788045.660491236,39018802.63551453,0.6096559620935059
HAPI-USDT,1643882400,53.7361,252381.43175219998,23.7,27347.88796339091,1084.96437422,8685907.98081761,252381.43175219998,34.41579644157755
MODEFI-USDT,1643882400,1.3971,17391138.66552286,0.5534,340616.5879526749,541059.20594659,14294036.53776456,17391138.66552286,0.8219149310850955
YFDAI-USDT,1643882400,573.39,32864.9351105,181.05,107189.56333880941,496.66922393000004,9649327.89121597,32864.9351105,293.60556650340413
GENS-USDT,1643882400,0.133,116757741.52079764,0.02236,34491.61313357104,1146157.49675176,10084865.860841485,116757741.52079764,0.08637428002189562
FORM-USDT,1643882400,0.087025,127699210.80219083,0.029,38366.81246318859,1273957.31127144,7189877.761646575,127699210.80219083,0.05630322784675522
ARRR-USDT,1643882400,1.7024,9680119.044385541,0.6263,44274.977434892804,64813.88131989,10781097.14368079,9680119.044385541,1.113736008229549
CEUR-USDT,1643882400,1.1521,10970929.960239211,1.0851,197360.87163569045,174328.57813054003,12363231.055062687,10970929.960239211,1.126908211051337
EXRD-USDT,1643882400,0.4519,345784341.5891459,0.141,341341.49031232717,2041458.8855401198,89197212.49940705,345784341.5891459,0.25795619341661635
NGM-USDT,1643882400,1.5287,8599164.11596341,0.6857,179392.53914941885,191619.96492057,8466975.631153416,8599164.11596341,0.984627751834088
LPT-USDT,1643882400,53.2098,1643243.0978544299,20.4,360017.9960566684,13244.3576257,63949097.513211414,1643243.0978544299,38.91639502195948
STMX-USDT,1643882400,0.03578,548132625.710293,0.0111,22708.864241993437,1526482.465246,12293072.989638165,548132625.710293,0.02242718716790173
ASD-USDT,1643878800,0.4107,4476673.344988001,0.2391,7347.953723929397,29516.78971278,1395573.4772895684,4476673.344988001,0.3117434241325707
BOND-USDT,1643882400,26.29,308467.85782187997,9.28,60759.470215455294,6145.295503640001,5236343.387582629,308467.85782187997,16.97532904905209
SOUL-USDT,1643882400,3.84,91445970.12980849,1.2373,1862932.3978846986,1371729.1689426901,226017968.42729968,91445970.12980849,2.471601188182102
2CRZ-USDT,1643882400,0.0369,397650574.30398715,0.0111,27045.99910940653,1903142.6420207699,9030484.738018185,397650574.30398715,0.02270959812851863
ZORT-USDT,1643882400,0.00981,2180339439.5134954,0.00302,68810.15063368315,15439103.26678142,15131543.720236333,2180339439.5134954,0.006939994500862064
NEAR-USDT,1643882400,20.2985,152772761.25277442,5.6,33444875.63572367,2972157.5750344405,2010693468.1980586,152772761.25277442,13.161334859106264
DFYN-USDT,1643882400,0.4877,122150458.24500737,0.1185,384301.2739325138,3136012.6107838904,30660124.73944661,122150458.24500737,0.25100294489234776
OOE-USDT,1643882400,0.4261,214690233.3449579,0.1113,1036559.1138110658,6847882.917690011,45519364.545303985,214690233.3449579,0.21202345274908163
CFG-USDT,1643882400,1.4557,19336839.67995981,0.5751,48246.711543949146,80595.76183655999,16677966.937996315,19336839.67995981,0.8624970374699293
AXC-USDT,1643878800,9.2456,6109015.503286149,2.5681,89291.94087725773,10711.51255599,31011496.54902291,6109015.503286149,5.076349295944865
AXS-USDT,1643882400,140.875,2004938.95620008,44.406,2016675.64851917,40308.52697501,161394523.09096488,2004938.95620008,80.49847233097442
CLV-USDT,1643882400,1.1365,62596524.328361355,0.3117,220666.52709800546,664665.5984019,41748099.019115984,62596524.328361355,0.6669395700010244
ROUTE-USDT,1643882400,14.1264,16400073.48070998,2.3832,870882.74135995,243208.66298974,119685568.88252479,16400073.48070998,7.297867843293557
KAR-USDT,1643882400,5.6744,7582134.24560838,1.6231,147218.29774802426,77767.89628166001,25188633.520782128,7582134.24560838,3.322103342521473
EFX-USDT,1643882400,0.02931,331851294.6866576,0.01332,24029.99700089438,1671257.36717697,6826275.263332102,331851294.6866576,0.020570283656050355
BURP-USDT,1643882400,0.089,78789223.6186914,0.019,19346.214156000686,760429.2326718799,4214701.809956873,78789223.6186914,0.053493379124464516
SHFT-USDT,1643882400,0.7109,10754612.35657472,0.3511,26844.35754640443,55202.16953154,5755683.005241739,10754612.35657472,0.5351827489833292
PMON-USDT,1643882400,11.9305,1636035.1137638697,3.8099,195864.43293587316,42322.47206339,10295403.459881444,1636035.1137638697,6.292898834057291
DPET-USDT,1643882400,1.9961,8981633.94167151,0.3413,74254.22912990148,158517.28819799,8453383.918577585,8981633.94167151,0.9411855318837883
ERG-USDT,1643882400,7.256,6790830.63576446,2.82,222969.97990400356,65276.31406906,31930032.77953245,6790830.63576446,4.701933311570214
SOL-USDT,1643882400,237.514,19273709.300574623,80.81,82734049.93134303,797985.15151806,2744213025.8841696,19273709.300574623,142.38115679177304
SLP-USDT,1643882400,0.05587,7232815797.72818,0.00909,936682.9998547906,98158090.93895686,190661349.7610973,7232815797.72818,0.02636059801508893
LITH-USDT,1643882400,0.02998,611035869.2245164,0.00712,444012.012403571,48097230.62797831,9975283.680383373,611035869.2245164,0.016325201486196383
XCH-USDT,1643882400,126.6646,140716.27392541,67.7716,94942.23848010314,1190.1000793,13404848.212535636,140716.27392541,95.26153470806933
HAKA-USDT,1643882400,0.3099,135095539.22394946,0.0768,205727.66616895696,2184382.15316444,22305118.36143031,135095539.22394946,0.16510625361548653
MTL-USDT,1643882400,3.0955,18830038.85791233,1.1726,753513.063122751,448650.25232951,32322893.600403257,18830038.85791233,1.7165601114424287
IOTX-USDT,1643882400,0.1601,1125655928.3254313,0.0627,631692.5915367542,8460283.24560539,131388293.54973485,1125655928.3254313,0.11672154007592096
GALAX-USDT,1643882400,0.61479,1273089224.4747486,0.15414,2082555.15256583,10999820.91625179,533493654.6146834,1273089224.4747486,0.4190544106088026
REQ-USDT,1643882400,0.6474,277676259.0154078,0.2021,247215.69852629697,1101142.6320856102,120402376.18349352,277676259.0154078,0.43360702355476705
TXA-USDT,1643878800,3.6351,5939522.82158763,2.3781,215732.16499000465,89039.57406409,16312821.386301298,5939522.82158763,2.746486860360424
CIRUS-USDT,1643882400,0.53675,405545791.7785789,0.1835,1475823.8254848244,7306784.21707415,142719129.95352322,405545791.7785789,0.3519186559120935
QI-USDT,1643882400,0.24684,400496875.8087443,0.04298,1324028.4075600747,21314609.03069502,51981772.81385595,400496875.8087443,0.12979320427627916
ODDZ-USDT,1643882400,0.57879,41306872.00610374,0.13732,315393.62027078046,1781487.41733987,9109641.905236365,41306872.00610374,0.2205357477537944
PNT-USDT,1643882400,1.3136,13732715.13145402,0.5332,32779.90488173981,54704.53513552,13071105.769305825,13732715.13145402,0.951822392308072
XPR-USDT,1643882400,0.02286,10130433950.904228,0.00901,751020.2403207109,77919394.43664008,154654648.07332367,10130433950.904228,0.015266339904374917
TRIBE-USDT,1643882400,1.2484,5760689.82242443,0.6608,52278.73697087115,76988.14894894,5694386.226140976,5760689.82242443,0.9884903373854018
MOVR-USDT,1643882400,310.5205,2597344.27925672,67.3203,4981995.2249792535,64792.465187409995,408442700.20877236,2597344.27925672,157.25397032297008
WOO-USDT,1643882400,1.245,405305054.727991,0.46839,2701119.6822804958,4993433.43670152,335259157.49344313,405305054.727991,0.8271773410732388
WILD-USDT,1643882400,6.1231,36613162.19705418,1.3664,1158584.7906297934,696663.56450384,115005622.94564128,36613162.19705418,3.1411005235405316
QRDO-USDT,1643882400,8.4239,171236365.63173273,1.815,4234578.39160528,1851563.4430912097,812212771.3506328,171236365.63173273,4.74322594008686
SDN-USDT,1643882400,2.788,8346116.16183421,0.82,50568.2956570154,47752.32916197,13318536.919692049,8346116.16183421,1.5957766057218474
MAKI-USDT,1643882400,0.0957,180122976.90093368,0.0144,47446.25667968823,2503105.66295905,6046849.445088352,180122976.90093368,0.033570672376873244
REP-USDT,1643882400,22.019,411033.81649719,11.137,572523.8477788998,34855.639766910004,6837521.003959949,411033.81649719,16.6349354469882
BNT-USDT,1643882400,4.1013,739491.10742294,2.0801,30020.0497357609,12500.20119324,2355848.4879853013,739491.10742294,3.185769868410212
OXT-USDT,1643882400,0.5199,34864766.02148819,0.2041,209008.98465738376,884749.27120121,11732657.703505263,34864766.02148819,0.33651904321612475
BAL-USDT,1643882400,20.645,391729.17202891,10.42,11480.31183932561,957.6266962300001,6499850.488444082,391729.17202891,16.59271494838885
STORJ-USDT,1643882400,2.4206,15885531.874943208,0.928,205200.52368314803,178729.26881466,26402404.465244573,15885531.874943208,1.6620409485243606
YGG-USDT,1643882400,8.1578,16972350.293653622,2.172,1218930.7316816084,364649.65983943,82719809.47119246,16972350.293653622,4.873798150520345
NDAU-USDT,1643882400,27.063,151429.94961996,14.505,7099.239264100001,301.2792,3069802.7534663677,151429.94961996,20.27209783249995
SDAO-USDT,1643882400,1.86,14814456.93378932,0.749,95126.50784350061,105061.57300631999,18980793.799164295,14814456.93378932,1.2812345321867487
XRP3L-USDT,1643882400,0.7068,215759518.84764835,0.0563,440395.67476718046,5609298.08931667,48554332.30728907,215759518.84764835,0.2250391202511633
XRP3S-USDT,1643882400,49.4064,545495.1329627901,11.5492,106652.2660447532,2650.2252141199997,12899019.817546848,545495.1329627901,23.646443456768164
SKL-USDT,1643882400,0.337,247238824.74680465,0.0926,220111.35341003007,1979316.55981999,38758772.97061855,247238824.74680465,0.15676653135004628
NMR-USDT,1643882400,44.163,128654.17269764998,18.922,81880.20512332929,3531.2156665800003,3852958.3602551008,128654.17269764998,29.948180299677755
IXS-USDT,1643882400,0.335,74776927.49077451,0.1022,281759.41241171,903665.14490816,15295164.920081519,74776927.49077451,0.20454390723620647
TRB-USDT,1643882400,51.99,188031.11093286,16.613,17651.68333577657,914.9974474699999,6066413.530436063,188031.11093286,32.26281810674505
DYDX-USDT,1643882400,13.646,43093843.658337995,5.08,2944060.1480799364,487475.69447208,336165726.88030696,43093843.658337995,7.8007830897039065
XYO-USDT,1643882400,0.0503,2310919215.709187,0.01927,497913.5942828824,24260151.17770494,79947865.85510135,2310919215.709187,0.0345956991103934
GTC-USDT,1643882400,18.4252,3450944.68767523,5.8742,154703.68963492286,19904.849222689998,42602949.83274977,3450944.68767523,12.345300689664125
LUNA3L-USDT,1643882400,19.9011,48301604.403231114,0.6373,3011853.312086908,3354119.88187529,203885057.14281088,48301604.403231114,4.22108250154051
LUNA3S-USDT,1643882400,0.1281,7123970826.989853,0.009001,5802439.0782344425,207438602.75696123,151036811.24927044,7123970826.989853,0.02120121136333867
EQX-USDT,1643882400,0.4298,140629136.93140838,0.1346,136474.0962684584,832526.70556415,40013581.63865174,140629136.93140838,0.2845326545534323
RLC-USDT,1643882400,5.35,5775058.36540861,1.5222,73043.08872321495,38617.93797642,18557379.585734583,5775058.36540861,3.2133665863689624
XPRT-USDT,1643882400,7.786,6129018.351663561,3.0,345540.189313694,109290.52688871999,29203310.311106905,6129018.351663561,4.764761440660466
EGLD-USDT,1643882400,357.4,1830384.83392184,111.88,3730043.2968011955,25379.55217666,420651921.37437516,1830384.83392184,229.81610947522614
HBAR-USDT,1643882400,0.34111,901802998.3693786,0.18,1903726.0233642894,8514457.37494716,246681651.79926762,901802998.3693786,0.27354272745301605
DOGE3L-USDT,1643882400,1.392,73489727.99477673,0.12,176128.21125944666,960872.8737341501,30313002.163535748,73489727.99477673,0.41247944427948136
DOGE3S-USDT,1643882400,11.2365,5452202.70383496,1.6393,139451.98397526817,28855.16161406,24708348.747336358,5452202.70383496,4.531810369038012
FLOW-USDT,1643882400,12.184,17302561.88942546,4.305,4203105.977639452,681224.54680202,115491358.18615729,17302561.88942546,6.6748126042964975
NKN-USDT,1643882400,0.5314,28229460.001866154,0.1683,33780.33020278781,162252.33226271,9683439.36669017,28229460.001866154,0.34302602196606063
PBX-USDT,1643882400,0.02969,9745015942.299664,0.00949,716238.0407928673,39384602.17455734,169875408.00801352,9745015942.299664,0.017432029769253073
SOL3L-USDT,1643882400,5.848,198709728.72992694,0.0958,4205647.173509212,23560050.67105123,88201742.29004578,198709728.72992694,0.44387228976555915
SOL3S-USDT,1643882400,7.6646,22253146.57604082,0.8092,3627128.037725833,1128076.46113179,52359675.3595182,22253146.57604082,2.3529110897014456
MLN-USDT,1643882400,125.478,166478.85305018,50.0,27087.21374366224,491.11767549,15441581.812258907,166478.85305018,92.75401367406411
XNL-USDT,1643882400,0.9262,170844970.64570653,0.1698,676672.0288372053,3283001.0549717797,61999502.058437765,170844970.64570653,0.36289919348583327
SOLVE-USDT,1643882400,0.16739,200728980.43113464,0.0685,40806.693263107365,495766.54922822,25506216.259088267,200728980.43113464,0.12706793111938736
WNCG-USDT,1643882400,3.0015,14587070.87267372,0.776,134321.4240184251,123408.30637238,27168489.55557164,14587070.87267372,1.8625048025554582
DMTR-USDT,1643882400,1.8164,11006347.910549952,0.446,440777.3607706842,891239.24853161,6746298.945760883,11006347.910549952,0.6129461834742049
KEEP-USDT,1643882400,0.9174,43006706.943168595,0.3534,128936.95039126227,304009.68548647,27913507.114033625,43006706.943168595,0.6490500923709424
LINK3L-USDT,1643882400,5.2338,36258845.8271463,0.2487,541437.6856966275,1403924.90922976,42631635.939696744,36258845.8271463,1.1757582175376156
LINK3S-USDT,1643882400,10.3458,8310546.843568111,0.9814,343975.9695091909,88748.69914271001,20123689.450261097,8310546.843568111,2.4214639336081336
DOT3L-USDT,1643882400,5.0037,52817431.12342576,0.1538,576114.6438401415,2237416.60141592,41414646.83935408,52817431.12342576,0.7841094494462402
DOT3S-USDT,1643882400,6.57,5178447.20684064,1.3972,370896.7912281614,91094.25984915,15270633.346690819,5178447.20684064,2.9488826933522803
UMB-USDT,1643882400,0.4299,89192331.16098967,0.1422,134163.81525734282,860391.1242774,24301213.801327936,89192331.16098967,0.27245855652617623
CTSI-USDT,1643882400,1.1137,85722611.89070831,0.0009,279366.377715942,651373.04292818,60351063.17491426,85722611.89070831,0.7040273487216955
ALICE-USDT,1643882400,21.252,15567014.673055172,5.703,1234634.903485382,175915.3985323,184651652.90473002,15567014.673055172,11.8617253714254
OPUL-USDT,1643882400,5.48521,20467692.50900662,0.72797,424592.9494875008,528481.19631465,46674001.0098662,20467692.50900662,2.2803743504221465
DINO-USDT,1643882400,0.1523,115143022.86956687,0.0397,114707.06267935957,2589081.0225396305,9667450.525164902,115143022.86956687,0.0839603675866328
ILV-USDT,1643882400,1661.539,43853.13581888001,496.482,485196.62941388204,815.65206462,42679078.70041439,43853.13581888001,973.2275218968457
BAND-USDT,1643882400,8.4609,2237559.41929458,2.9831,135745.1073326439,39966.99069323,11344706.333431032,2237559.41929458,5.07012517102567
FTT-USDT,1643882400,49.727,2723117.4608304603,31.0,2127988.5885027735,48622.00174469,112688820.3728037,2723117.4608304603,41.382284089367694
DVPN-USDT,1643882400,0.0224,1285247365.2834263,0.00763,50543.981119801545,6304803.46129338,15775493.072410893,1285247365.2834263,0.012274285478836237
SKU-USDT,1643882400,0.2197,52220890.619785696,0.0798,306771.1043629454,3199878.3022242896,5529648.4096831065,52220890.619785696,0.10588958449490724
EDG-USDT,1643882400,0.012466,916386120.1295029,0.003759,27850.074432347825,5943429.56523203,6902244.596256635,916386120.1295029,0.0075320265602464775
SLIM-USDT,1643882400,3.735,8375658.486761279,1.023,119210.84197076029,99923.58693596,18551018.31178456,8375658.486761279,2.214872817594777
TLM-USDT,1643882400,0.391,545184020.788338,0.0897,485204.4206025166,4465611.015193589,116893606.92717311,545184020.788338,0.21441128585930408
DEXE-USDT,1643882400,24.24,915952.7881150099,5.561,107434.7016039325,15938.59745935,12669778.77210616,915952.7881150099,13.832349152165365
MATTER-USDT,1643882400,0.6319,13764862.24710916,0.4011,115139.94886416722,261973.32541232003,6678059.729132786,13764862.24710916,0.48515267419659686
RUNE-USDT,1643882400,10.6325,42367610.6054589,1.37,2242557.688163046,571716.65595284,265127388.93544972,42367610.6054589,6.257784782918324
RMRK-USDT,1643882400,63.1247,15665159.55226776,11.07,4241172.408405298,264458.87593053,515496764.83459467,15665159.55226776,32.907214453488855
SOV-USDT,1643882400,15.053,718834.18721832,4.502,36336.53430036314,7612.02658324,6248771.798940657,718834.18721832,8.69292516974129
BMON-USDT,1643882400,0.2195,185678744.94352406,0.0463,44496.188932076955,836622.5763300001,21906245.62791165,185678744.94352406,0.11797928532193946
C98-USDT,1643882400,3.22,6051543.068780299,1.3441,59062.782416407426,36074.99488826,13542432.753714694,6051543.068780299,2.2378478678569826
BLOK-USDT,1643882400,0.122581,14922570764.449745,0.02301,4230271.639246099,147339450.42713335,862174833.6089861,14922570764.449745,0.05777656190868651
SOLR-USDT,1643882400,4.4049,10168009.30302045,0.6186,37318.86140616302,57524.548746010005,18529480.2730048,10168009.30302045,1.8223311683537249
ATOM3L-USDT,1643882400,2.3469,92464555.72720067,0.2518,950335.0417054712,3266889.2381678997,78205233.84885706,92464555.72720067,0.8457860769870233
ATOM3S-USDT,1643882400,19.9588,35683573.198093355,0.6624,1267622.4565714374,778143.5492458099,50092568.94536093,35683573.198093355,1.403799128166836
UNI3L-USDT,1643882400,4.2643,12982726.27817004,0.0946,66288.128446505,539547.06219221,7401631.732846636,12982726.27817004,0.5701138246511597
UNI3S-USDT,1643882400,31.7234,387747.21955725,6.0086,205013.2680616506,8763.92085491,5076197.4253659705,387747.21955725,13.091512122671666
WSIENNA-USDT,1643878800,19.6999,646074.6584598799,6.7741,7839.185001995216,1107.63211203,7816983.583380941,646074.6584598799,12.099195473809722
PUSH-USDT,1643882400,2.646,7511371.176058069,1.111,63060.266232467424,50297.619438060006,14028993.13295061,7511371.176058069,1.8677006906098543
NTVRK-USDT,1643882400,7.39,27091426.724943142,1.1124,1032778.0645070535,537520.1276177401,82441370.19826916,27091426.724943142,3.0430796810846874
AXS3L-USDT,1643882400,11.75,8284176.34396907,0.2674,223018.1432452074,564619.53927773,8682000.978647936,8284176.34396907,1.0480222315605925
AXS3S-USDT,1643882400,7.6184,2445789.5359223997,1.2403,307263.2063915066,69957.68960412999,7798895.245907522,2445789.5359223997,3.188702515634185
FTM3L-USDT,1643882400,2.7435,254311543.75451645,0.2485,2652825.5593227763,8341592.741471769,203007343.18329704,254311543.75451645,0.7982623996780002
FTM3S-USDT,1643882400,6.4878,503141496.49721235,0.0771,2985758.7514658975,14031761.56604093,103498898.02511297,503141496.49721235,0.20570535077240723
FLAME-USDT,1643882400,2.3265,119792433.1354758,0.5063,1638162.8764814357,3019382.33282832,137592708.22820255,119792433.1354758,1.1485926500265342
AGLD-USDT,1643882400,2.3861,6527073.54787785,0.7,3091318.847059856,1990317.60546381,9652169.921272952,6527073.54787785,1.4787898206557157
NAKA-USDT,1643882400,4.9552,153381128.52720004,0.3632,1519775.9186523445,3925369.6470679697,234187289.6080709,153381128.52720004,1.5268324849138204
YLD-USDT,1643882400,0.444,40426050.36358361,0.2305,273516.8700287489,1091246.03266335,12023914.27797609,40426050.36358361,0.2974298545080578
TONE-USDT,1643882400,0.04604,374915338.88749087,0.01401,142380.9055192554,6588492.02751071,10333932.462471968,374915338.88749087,0.027563376022801508
REEF-USDT,1643882400,0.02471,1029580865.2277193,0.00864,185448.2439653562,18639344.710585997,16734554.105868053,1029580865.2277193,0.016253753999368237
TIDAL-USDT,1643882400,0.00634,3466041470.763708,0.00119,47728.81607245364,32794493.742061544,9780168.919474494,3466041470.763708,0.002821711454398591
TVK-USDT,1643882400,0.3781,179157365.19343516,0.0961,324690.0423109058,2577609.31764324,36369957.00129242,179157365.19343516,0.2030056479231205
INJ-USDT,1643882400,12.882,2374858.95915366,3.76,181915.63241469045,44048.091263990005,17803929.2479742,2374858.95915366,7.49683646658287
BNB3L-USDT,1643882400,13.474,1290986.81132261,1.35,98785.21283640535,53540.24825491999,5159752.960463401,1290986.81132261,3.9967511017229205
BNB3S-USDT,1643882400,10.8627,744419.77281119,3.1713,91104.84662915781,10921.78729966,4159632.791890056,744419.77281119,5.587751620543104
MATIC3L-USDT,1643882400,15.1203,25870309.293110397,0.6208,856541.9953276116,839703.55777316,101445500.20394868,25870309.293110397,3.921309909926935
MATIC3S-USDT,1643882400,1.6457,107195024.89848116,0.1822,917542.7093996993,1824621.86298897,52347353.753887326,107195024.89848116,0.4883375306219928
NFTB-USDT,1643882400,0.4235,74325708.43919963,0.1081,45983.66157616675,344924.60443643,18611475.589885987,74325708.43919963,0.250404281112378
VEGA-USDT,1643882400,13.7927,893378.85746943,5.8149,55136.639696311926,9272.22731293,8692033.952117365,893378.85746943,9.729392943927815
ALPHA-USDT,1643882400,1.08,12406422.79378896,0.346,11131.8714831716,29512.54203199,8585381.61741987,12406422.79378896,0.6920110462234109
BADGER-USDT,1643882400,21.603,728906.76629972,8.283,102994.3296914797,9924.40507243,10438790.316636208,728906.76629972,14.32115985097588
ZKT-USDT,1643882400,62.67,3700423.27988483,8.309,132467.70784917893,10779.56907643,112828402.79784332,3700423.27988483,30.49067478608959
AR-USDT,1643882400,68.422,1905345.68971744,20.0,687733.9381065026,19014.522583039998,92131885.30235852,1905345.68971744,48.35441977776828
XVS-USDT,1643882400,22.956,247441.94612562002,6.64,6134.1020794530095,779.58154003,3619886.7548489207,247441.94612562002,14.629236520032848
JASMY-USDT,1643882400,0.185,3948305358.24955,0.04,6074094.406376788,143319255.08074847,287594833.77204955,3948305358.24955,0.07284006875789173
PERP-USDT,1643882400,13.179,686896.8952107001,3.0,18408.80753540554,3044.7964840699997,5881824.79926637,686896.8952107001,8.562893267208855
GHST-USDT,1643882400,2.8246,3661728.50197975,1.8,10797.509653942096,5376.0980354700005,8612708.285092117,3661728.50197975,2.352088168316021
SCLP-USDT,1643882400,4.8801,37261644.07049919,0.8839,215979.29001283942,232617.26451105,95191175.63138583,37261644.07049919,2.5546692317516566
SUPER-USDT,1643882400,1.8044,169230995.181988,0.5582,1116407.8110507189,1708374.5899307402,202166513.79528177,169230995.181988,1.194618713775662
CPOOL-USDT,1643882400,1.3606,80950931.48091511,0.3154,721567.9230589655,1578409.53638135,53232978.28288931,80950931.48091511,0.6575956237815428
HERO-USDT,1643882400,0.25061,2065309113.8091726,0.04501,1131112.8340126176,22975363.60136881,302311953.9994248,2065309113.8091726,0.14637612935424124
BASIC-USDT,1643882400,0.00923,2579874304.1926346,0.00353,19588.476867674835,4186197.8325400297,18166810.58761748,2579874304.1926346,0.0070417425213678145
XED-USDT,1643882400,0.7484,22435481.35218235,0.2606,32075.40828874647,108215.82485072,10656535.312736522,22435481.35218235,0.47498581133406065
AURY-USDT,1643882400,16.766,1459140.99013456,8.581,30848.221139376088,3408.06746631,19185742.04976389,1459140.99013456,13.148655393468598
SWASH-USDT,1643882400,0.2857,129720881.09966359,0.04224,73437.8911682202,1676825.2151531999,15217108.299220305,129720881.09966359,0.11730654440690326
LTO-USDT,1643882400,0.4831,149112493.41130367,0.1621,165286.01650885242,841883.3844711399,52986397.18747443,149112493.41130367,0.3553451221643761
BUX-USDT,1643882400,0.6049,23634520.22827634,0.3542,249920.30608777696,544035.07770543,10283892.845951213,23634520.22827634,0.43512170954278834
MTRG-USDT,1643882400,9.12,3052611.9148485097,2.62,196631.85781597017,67030.35270501001,15484665.648944851,3052611.9148485097,5.072595561074884
DREAMS-USDT,1643882400,0.33274,906235504.6481683,0.02412,210512.32236081432,8324608.263965771,77086168.00158143,906235504.6481683,0.08506195972923056
QUICK-USDT,1643882400,445.0,50152.46066719,155.68,43563.0726963134,229.53632376000002,16362128.547450926,50152.46066719,326.2477718895878
TRU-USDT,1643882400,0.5027,39168716.8388671,0.153,24460.06011243331,130637.45273054001,13249662.40185077,39168716.8388671,0.3382715460492986
WRX-USDT,1643882400,1.5575,11472582.78400268,0.6822,264465.7664837238,281409.32426471997,12816521.782787234,11472582.78400268,1.1171435433578685
TKO-USDT,1643882400,1.7975,3583696.7735840604,0.6375,22274.599183665603,30519.98288194,4171927.541023591,3583696.7735840604,1.1641407754627746
SUSHI3L-USDT,1643882400,1.4334,147396078.45372474,0.0383,366229.49323362776,7384874.52768627,34889433.78166885,147396078.45372474,0.2367053055120625
SUSHI3S-USDT,1643882400,95.359,2899976.22985831,2.7082,303986.22145025793,11514.11394516,23161426.792647775,2899976.22985831,7.986764358333868
NEAR3L-USDT,1643882400,11.8,26823545.66896988,0.8318,2009384.6676834077,1617586.783956,77392975.4746434,26823545.66896988,2.8852626878546275
NEAR3S-USDT,1643882400,16.7962,13181717780.016563,0.001463,2245423.379624726,488635755.7075779,71129613.37101221,13181717780.016563,0.005396080735307841
EPS-USDT,1643882400,0.478,32049641.563833706,0.142,114036.57188000598,691092.15461971,8501974.009439792,32049641.563833706,0.26527516672866047
DATA-USDT,1643882400,0.1842,62197420.73852794,0.0628,46730.432334330406,614978.2492206701,7426696.127094567,62197420.73852794,0.11940521068093311
ISP-USDT,1643882400,0.006857,5819954065.794637,0.0025,345189.2781891193,98092519.27849145,27237093.61992346,5819954065.794637,0.004679949929502511
CERE-USDT,1643882400,0.15,1175231416.3356185,0.0299,292869.17006285023,8506183.46919111,85808996.11701806,1175231416.3356185,0.0730145526440837
SHILL-USDT,1643882400,1.0912,442920601.80521715,0.146,1004510.4991346314,6116606.574884729,185899325.29626954,442920601.80521715,0.41971252756949506
HEGIC-USDT,1643882400,0.1111,39539523.78528089,0.037,46590.86307829529,1049764.0790014397,2880587.8108034795,39539523.78528089,0.07285337644546484
ERN-USDT,1643882400,12.641,1843215.58388365,4.068,88238.50892381094,17906.78452483,15495020.87850187,1843215.58388365,8.406515772752911
FTG-USDT,1643882400,0.47367,345710098.7651999,0.2064,835768.6082757434,2898448.06627505,121499173.4399215,345710098.7651999,0.3514481465074052
PAXG-USDT,1643882400,1864.43,6310.10209488,1744.5,309871.014514169,171.20063867,11443921.36819817,6310.10209488,1813.5873550261156
AUDIO-USDT,1643882400,2.325,20106670.1329659,0.7628,228922.32227528258,247176.76971027,30257575.45763243,20106670.1329659,1.5048526313675186
ENS-USDT,1643882400,62.579,3768343.31857889,14.436,460101.12462429795,25136.805065959998,131455802.4128627,3768343.31857889,34.88424257013744
AAVE3L-USDT,1643882400,3.0465,21380356.81659501,0.1309,268474.3399325076,1373972.1015603999,15762998.529923085,21380356.81659501,0.737265456565634
AAVE3S-USDT,1643882400,52.2503,920599.96784617,4.7362,240996.26302727923,14696.71955437,9924711.996156685,920599.96784617,10.780699916138907
SAND3L-USDT,1643882400,73.8821,7260224.12361587,1.0555,1014293.7748095265,347418.63183693,47919119.61314439,7260224.12361587,6.600225943063426
SAND3S-USDT,1643882400,0.201211,578033422.6452718,0.021156,878937.1103579792,15080200.177317709,34583304.534866154,578033422.6452718,0.059829247202699
XTM-USDT,1643882400,1.88,128222328.77427986,0.20101,408387.6979802483,1654875.25677632,96950408.08486068,128222328.77427986,0.7561117397542384
MNW-USDT,1643882400,3.4,11204364.41646305,0.81,122074.8476734669,112944.53638199,21283123.545925044,11204364.41646305,1.8995386757193335
FXS-USDT,1643882400,41.954,1366484.88329872,13.378,286500.34159522085,14175.54178493,38295103.381952964,1366484.88329872,28.024534958270355
ATA-USDT,1643882400,1.0908,10156732.58981846,0.337,14052.298949472051,36220.19928453,6603113.844343347,10156732.58981846,0.6501218562121629
VXV-USDT,1643882400,8.21,14263446.44869069,1.93,381381.3200310127,143199.05234090998,62945427.87138341,14263446.44869069,4.413058800186506
DPR-USDT,1643882400,0.1666,394098136.4950655,0.076,252602.45171476825,2455721.72532906,45379425.657770306,394098136.4950655,0.11514752660683666
CWAR-USDT,1643882400,3.3987,174278096.66434228,0.3884,976527.1182487102,2115674.54723493,247263073.88824856,174278096.66434228,1.4187845668550911
PBR-USDT,1643882400,1.7764,34411880.1656414,0.2508,93386.06254113904,225670.37417591998,27437850.84447873,34411880.1656414,0.7973365800533648
WNXM-USDT,1643882400,75.132,36150.44782349,32.785,3971.4059820626003,115.99959519000001,2085938.1551550992,36150.44782349,57.701585478000325
ANT-USDT,1643882400,13.8302,9107496.46816499,3.4774,1630280.083526332,204985.88800672,71744102.2368063,9107496.46816499,7.877477909279009
COV-USDT,1643878800,0.79,4770791.03863117,0.3815,16949.96362468859,41756.90919761,2878483.661225724,4770791.03863117,0.6033556359767992
SWP-USDT,1643882400,2.7707,9058128.02085562,1.5204,1419.449522741057,858.73215755,16177187.836353472,9058128.02085562,1.7859305807013084
TWT-USDT,1643882400,1.096,12543900.430568568,0.45,77103.54003264631,139728.88814244,8975430.141611181,12543900.430568568,0.7155214752612923
OM-USDT,1643882400,0.2822,78995199.23696998,0.077,35232.72939086088,373348.5145415,12287461.14734811,78995199.23696998,0.15554693533322395
ADX-USDT,1643882400,0.886,10263483.65501162,0.3718,380348.734599252,867164.23882557,5266824.75450649,10263483.65501162,0.5131615084644987
AVAX3L-USDT,1643882400,9.7798,48900119.516904324,0.3618,2195121.412365931,3194397.7589074597,93655311.05602771,48900119.516904324,1.9152368538414701
AVAX3S-USDT,1643882400,6.557,21626498.089365833,0.8387,1119928.1925570273,466154.70721108,41950420.21004461,21626498.089365833,1.9397694456446668
MANA3L-USDT,1643882400,15.7406,41728835.40187919,0.2098,1068338.6338203368,1762322.02432486,59059320.21233733,41728835.40187919,1.415311969374484
MANA3S-USDT,1643882400,5.3698,12964524.901103929,1.0139,933035.0651782223,461454.79928534,27289580.223801028,12964524.901103929,2.1049425591737125
GLM-USDT,1643882400,0.6822,11030825.78884453,0.2742,59525.082965614296,168808.29211031,5050098.705474991,11030825.78884453,0.45781692161090554
BAKE-USDT,1643882400,1.806,5998905.50590637,0.5227,27654.762036741886,43711.78026282,6675909.062242247,5998905.50590637,1.1128545124888727
NUM-USDT,1643882400,1.9101,93682908.38362351,0.36,251062.07540520138,540708.89105982,91492862.101972,93682908.38362351,0.9766227765615104
VLX-USDT,1643882400,0.5665,304363721.3786983,0.1903,678298.7110873663,2727573.06895614,101549963.7220532,304363721.3786983,0.3336467410178027
TRADE-USDT,1643882400,1.5803,8931885.27777194,0.3757,44584.13567471049,102725.73483171,6876086.382688118,8931885.27777194,0.7698359493935818
1EARTH-USDT,1643882400,0.3047,1207727580.5354555,0.057,1959624.6155595072,27378872.780717693,146556940.62086487,1207727580.5354555,0.12134933654151353
MONI-USDT,1643882400,1.8448,21742742.58114406,0.3778,248447.21700760518,604490.29202682,20033217.873526078,21742742.58114406,0.9213749276919402
LIKE-USDT,1643878800,0.5286,10799829.73409017,0.1289,9586.309545433407,70802.76337122,3373554.7077840865,10799829.73409017,0.3123711012901715
MFT-USDT,1643882400,0.01335,582208529.7444172,0.00461,94044.03227334956,14785084.048039211,4843857.19545682,582208529.7444172,0.008319797715061332
LIT-USDT,1643882400,5.2175,1808689.8558433899,1.281,75826.90788511031,53763.75980005,5183781.437725559,1808689.8558433899,2.866042191245866
KAVA-USDT,1643882400,5.75,4942815.07159821,2.8058,103674.98036308345,32159.28751157,21188203.188771307,4942815.07159821,4.286667189011445
SFP-USDT,1643882400,2.5532,5151263.71844317,0.6412,21002.790583583996,25917.77959136,7858864.345297703,5151263.71844317,1.5256187170461604
BURGER-USDT,1643882400,3.8496,1451954.77112149,1.4137,58694.866844419535,33921.78275236,3544009.804024306,1451954.77112149,2.440854133002306
ILA-USDT,1643882400,0.4475,1099052607.0608926,0.064,1056413.9158137902,13111959.332419071,200348098.50371042,1099052607.0608926,0.18229163664829942
CREAM-USDT,1643882400,229.1,429267.67343613005,21.67,104472.09548819617,3221.35805883,22996427.741350826,429267.67343613005,53.57130099565352
RSR-USDT,1643882400,0.05101,3257233283.0904574,0.0164,518608.8163678935,28886065.18728996,99355340.73973182,3257233283.0904574,0.030502985848610647
IMX-USDT,1643882400,6.934,44108396.97548828,2.0,4277943.687823864,1379246.48244487,177997886.69431287,44108396.97548828,4.035464875162638
GODS-USDT,1643882400,8.497,40595073.58928569,1.52,1191551.1987787946,530934.77055633,182919653.53093255,40595073.58928569,4.505956939051116
KMA-USDT,1643882400,0.038,2248719451.3440094,0.005,77611.058041889,13413119.621875722,38631335.76276261,2248719451.3440094,0.017179259840383168
SRM-USDT,1643882400,5.563,11810776.184357021,1.925,656186.4405344499,286287.33982044,35640981.56532199,11810776.184357021,3.0176663251418887
POLC-USDT,1643882400,1.821,148323437.72879153,0.2506,545308.5351899983,1845274.41262643,110588483.44012572,148323437.72879153,0.7455900775596643
XTAG-USDT,1643882400,3.1517,46626401.49600076,0.3244,289434.7689499409,742551.7523117701,64787877.30334342,46626401.49600076,1.389510561069149
KIN-USDT,1643882400,0.0001081,356309186241.38086,2.82e-05,594942.3378576513,11163680819.565987,24542610.40003757,356309186241.38086,6.888009444530918e-05
MNET-USDT,1643882400,0.5869,824676667.2514693,0.0135,234801.24253517788,15605734.546342358,119140388.61868763,824676667.2514693,0.1444692124196574
NGC-USDT,1643882400,2.2819,34796405.78102164,0.35,31465.26311052462,62076.96324107,35649122.43413773,34796405.78102164,1.024505883121445
HARD-USDT,1643882400,1.4305,9535816.63798018,0.4801,92914.92772712818,163672.21858463003,8026703.987041604,9535816.63798018,0.8417426940732129
NU-USDT,1643882400,0.9007,7856107.01944218,0.4001,15293.7177862284,31554.917684850003,5314998.696306238,7856107.01944218,0.6765435709000344
GALAX3L-USDT,1643882400,7.3279,484852572.5217607,0.022,1483519.6458724714,51223485.16578972,35639622.31527409,484852572.5217607,0.07350610130809308
GALAX3S-USDT,1643882400,83.9099,941731.8859786701,5.3129,1518301.2369201933,33352.3751711,23511316.63496638,941731.8859786701,24.966040743680313
UNIC-USDT,1643878800,192.81,44900.12590365,65.36,2112.3244312283,30.641110830000002,6495690.4879423035,44900.12590365,144.66976110225693
POND-USDT,1643882400,0.1045,707929842.7800288,0.0373,521650.6149451111,12084150.3747967,41998917.27225118,707929842.7800288,0.05932638339884377
VR-USDT,1643882400,0.6046,1989853854.783626,0.285,5213786.27240331,14488520.69569771,892505137.3272173,1989853854.783626,0.4485279836916803
EPIK-USDT,1643882400,0.6401,144650391.4012959,0.1121,113825.29240063224,791667.56670269,45040451.99705463,144650391.4012959,0.3113745601427465
NGL-USDT,1643878800,9.5,5274650.604640139,1.524,79243.8547836532,48472.0516657,22619269.28419692,5274650.604640139,4.288297174470404
KDON-USDT,1643882400,0.8359,40634186.34626717,0.1601,69942.18350852582,277618.10192091,17704956.432190098,40634186.34626717,0.4357157857503538
PEL-USDT,1643882400,0.8599,94497198.71708801,0.088,121900.58038473752,1039639.44932985,35906250.678600885,94497198.71708801,0.3799715882171217
LINA-USDT,1643882400,0.05268,444777742.5809195,0.01975,129467.88076965674,5438446.92065865,17726671.115961764,444777742.5809195,0.03985512182578854
KLAY-USDT,1643882400,1.5182,10112445.54541245,0.95,61947.38857576327,54135.94059472,13457590.15208881,10112445.54541245,1.3307948202691582
CREDI-USDT,1643882400,0.14,489737974.82081926,0.014,111376.8958423328,5140033.93641774,29811057.25091592,489737974.82081926,0.06087144306467741
TRVL-USDT,1643878800,0.6985,19467787.458203807,0.1419,39621.43725441626,248805.54300632002,7200144.561872152,19467787.458203807,0.36984914579175665
LACE-USDT,1643878800,0.999,31370225.811855145,0.114,39307.316571369694,279506.40057723003,10923484.719369985,31370225.811855145,0.34821186130072046
ARKER-USDT,1643882400,0.189,937797199.275979,0.01,694776.962858557,21294216.75097523,57977523.326375715,937797199.275979,0.06182309285113768
BONDLY-USDT,1643882400,0.1799,82171321.22046492,0.05,33836.49719913735,597083.82160369,7534751.678286506,82171321.22046492,0.09169563743621494
XEC-USDT,1643882400,0.00012388,58298067411.89972,6.377e-05,99790.89067099932,1268600972.376986,5814365.511727228,58298067411.89972,9.973513308162266e-05
HEART-USDT,1643882400,0.2676,552864173.3227576,0.015,540486.8668737235,3406208.54940632,93767930.3149812,552864173.3227576,0.16960391871918287
UNB-USDT,1643882400,0.105,979037482.4889565,0.0056,41834.01873587903,5513459.87004588,32568040.63522753,979037482.4889565,0.03326536646220274
GAFI-USDT,1643882400,169.428,40864.125751989995,55.1,43508.893857455114,756.3833389700001,4713229.500702482,40864.125751989995,115.33905140434719
KOL-USDT,1643882400,0.5694,56941750.840957776,0.08,80247.0988839907,846177.19066327,11841587.11231177,56941750.840957776,0.20795965943137462
H3RO3S-USDT,1643882400,0.1452,890370322.9985158,0.01,387605.24656300584,8343580.95849661,65792364.73804687,890370322.9985158,0.07389325883692614
FALCONS-USDT,1643882400,0.7658,210486196.50488925,0.1,852730.7149078617,5323092.739241321,50703034.560188025,210486196.50488925,0.24088531885752554
UFO-USDT,1643882400,3.176e-05,5966196983701.141,6.5e-06,7092985.141449752,523075350096.74005,98282736.67986667,5966196983701.141,1.6473263780656602e-05
CHMB-USDT,1643882400,0.13524,1651849739.11714,0.001,1379835.4551053664,22820992.184045788,128697929.91087219,1651849739.11714,0.0779114025102895
GEEQ-USDT,1643882400,1.864,19424642.50329712,0.4,29127.715739543328,53119.46563418,21423218.27935647,19424642.50329712,1.1028886773962565
ORC-USDT,1643882400,0.5966,8542739.23543327,0.2717,12419.646284838691,41546.254442189995,4345935.591783676,8542739.23543327,0.5087285789735638
RACEFI-USDT,1643882400,1.2964,103489596.71954419,0.125,668622.3236130388,5121782.437344531,34225141.143968165,103489596.71954419,0.3307109335513015
PEOPLE-USDT,1643882400,0.1829,838264015.8428444,0.0307,2230482.32995635,28038412.11884778,76826279.5122788,838264015.8428444,0.09164926331119287
ADS-USDT,1643882400,0.47,40821702.130398214,0.1919,420203.53657617734,2062459.20411052,13092810.731278962,40821702.130398214,0.3207316218578082
OCEAN-USDT,1643882400,1.0284,28355300.67486403,0.5074,236691.07879019278,431936.3638286,21523826.27823465,28355300.67486403,0.7590759316939552
SOS-USDT,1643882400,9.9e-06,66943808018636.11,1.48e-06,4617586.229027532,1350725384983.4697,298847393.24531645,66943808018636.11,4.464152878218729e-06
WHALE-USDT,1643882400,15.86,1340010.96595799,7.01,322180.81629338744,43813.3187741,13966937.14268328,1340010.96595799,10.423002122746174
TIME-USDT,1643882400,524.017,152227.96409645997,148.0,347213.19977959374,1288.74617096,49288699.38653782,152227.96409645997,323.78216235819724
CWEB-USDT,1643882400,0.20998,545003042.056411,0.013,196234.20640619617,5113611.26603598,59756929.5709858,545003042.056411,0.10964513031984252
IOTA-USDT,1643882400,1.448,11929985.18490392,0.7,313303.09842156444,360971.40482355,12753041.946051612,11929985.18490392,1.0689905937342805
OOKI-USDT,1643882400,0.03854,407115519.5434044,0.0093,2996033.3020779756,141573568.4721437,8262474.670201274,407115519.5434044,0.020295160153727263
HNT-USDT,1643882400,44.743,509331.73408268,19.883,346727.12208796013,13554.62426735,15472968.60063583,509331.73408268,30.37896044019927
GGG-USDT,1643882400,6.6447,1481262.6274999,1.4249,35819.28929960846,24131.76436872,5510306.595612939,1481262.6274999,3.7200064953460195
POWR-USDT,1643882400,0.7137,13072458.769064538,0.4584,72988.4979458042,133832.8764285,7845902.620601581,13072458.769064538,0.6001856849737099
REVU-USDT,1643882400,0.2961,101469241.06749548,0.0808,71168.81668274048,643261.4577841,19897756.06606704,101469241.06749548,0.19609643135924726
CLH-USDT,1643882400,0.74,2034238097.5507812,0.01,7777361.217008836,63906610.450623,529153635.27520084,2034238097.5507812,0.2601237465330636
PLGR-USDT,1643882400,0.315,240043754.15728095,0.0303,105032.8404598926,3262802.96446416,19551757.522452675,240043754.15728095,0.08145080712927867
GLMR-USDT,1643882400,22.8665,23389633.29560042,0.25,2476030.2886694698,484405.71218917996,249654694.27189925,23389633.29560042,10.673732722387708
LOVE-USDT,1643882400,0.0142,1293614048.1070974,0.0005,17933.383189739492,3970907.02815183,11491671.518855236,1293614048.1070974,0.008883384913506945
CTC-USDT,1643882400,2.059,1844392.62557987,0.994,40200.14648718254,31731.248209669997,3386713.522413024,1844392.62557987,1.836221569877647
GARI-USDT,1643882400,0.7858,144585453.7747785,0.2,3600576.1235537473,5822305.96695106,76607165.22701159,144585453.7747785,0.5298400580900965
FRR-USDT,1643882400,0.229,122768210.59971437,0.0733,66005.58147532363,342717.05155202,17458670.461088963,122768210.59971437,0.1422083972374
ASTR-USDT,1643882400,0.1719,80488102.15386732,0.0822,647841.6057988603,5250803.9963159,9441359.948191844,80488102.15386732,0.11730131156705628
ERTHA-USDT,1643882400,0.3116,16982534.22320418,0.1753,445538.1449377767,2266448.31488235,4076520.799884732,16982534.22320418,0.24004195995169877
FCON-USDT,1643882400,0.0072,1667217209.1780384,0.001,107448.4087098474,27462913.950441603,8912819.341309888,1667217209.1780384,0.005345925709166614
ACA-USDT,1643882400,2.3642,21063287.59153763,0.875,788361.8577542882,589433.97074772,42124256.95998724,21063287.59153763,1.9998899401112982
MTS-USDT,1643882400,0.69981,54109483.75265092,0.05,1091440.9637572917,2956287.38989646,25009073.151407704,54109483.75265092,0.4621938968357366
ROAR-USDT,1643882400,1.3215,23818842.608796835,0.25,420400.03654408205,1178362.24980305,18716631.282516234,23818842.608796835,0.7857909634787947
HBB-USDT,1643882400,2.4158,3749709.4188369997,1.0,456499.049243216,234607.84878171998,8189538.449722895,3749709.4188369997,2.18404615797214
SURV-USDT,1643882400,2.2822,28071855.009043775,0.01,434125.15695211,3961431.31869598,11843645.730754904,28071855.009043775,0.4219046346220901
CVX-USDT,1643882400,28.8056,20832.37744375,14.0,353297.5105762906,13143.10724078,577114.9354348134,20832.37744375,27.702787979581075
AMP-USDT,1643882400,0.02844,3130250.13563122,0.015,89818.83007806174,3130250.13563122,89818.83007806174,3130250.13563122,0.028693818764087244
KAT-USDT,1643882400,0.004691,1451494302.4547732,0.001569,12997.245221856003,6953081.781295479,4359164.456234606,1451494302.4547732,0.0030032253305179147
XRP-USDT,1643882400,1.0111,4184599780.5359983,0.427,24642287.079228986,40499768.9050678,3306851941.9313717,4184599780.5359983,0.7902433005212753
GRIN-USDT,1643882400,0.59584,8818065.76888104,0.180014,31810.97549780276,148081.71389787,3117242.8586007655,8818065.76888104,0.35350641969597435
